[2025-Dec-05 15:58:53.684 -06:00][14378:14378][info ] Logging initialized
[2025-Dec-05 15:58:53.684 -06:00][14378:14378][info ] Initializing krisp SDK...
[2025-Dec-05 15:58:53.684 -06:00][14378:14378][info ] DoKrispInitialize
[2025-Dec-05 15:58:53.945 -06:00][14378:14378][info ] LoadDynamicKrisp
[2025-Dec-05 15:58:53.945 -06:00][14378:14378][info ] Did not find KRISP_DYLIB_PATH, skipping dynamic loading
[2025-Dec-05 15:58:53.945 -06:00][14378:14378][info ] Initializing Krisp SDK in PID 14378, addr 0x7e419705cf90
[2025-Dec-05 15:58:53.946 -06:00][14378:14378][info ] Initialized Krisp SDK successfully
[2025-Dec-05 15:58:53.946 -06:00][14378:14378][info ] Krisp SDK initialized
[2025-Dec-07 11:22:27.856 -06:00][ 5966: 5966][info ] Logging initialized
[2025-Dec-07 11:22:27.856 -06:00][ 5966: 5966][info ] Initializing krisp SDK...
[2025-Dec-07 11:22:27.856 -06:00][ 5966: 5966][info ] DoKrispInitialize
[2025-Dec-07 11:22:28.158 -06:00][ 5966: 5966][info ] LoadDynamicKrisp
[2025-Dec-07 11:22:28.158 -06:00][ 5966: 5966][info ] Did not find KRISP_DYLIB_PATH, skipping dynamic loading
[2025-Dec-07 11:22:28.158 -06:00][ 5966: 5966][info ] Initializing Krisp SDK in PID 5966, addr 0x7fa35897cf90
[2025-Dec-07 11:22:28.159 -06:00][ 5966: 5966][info ] Initialized Krisp SDK successfully
[2025-Dec-07 11:22:28.159 -06:00][ 5966: 5966][info ] Krisp SDK initialized
[2025-Dec-07 14:07:59.905 -06:00][ 5468: 5468][info ] Logging initialized
[2025-Dec-07 14:07:59.905 -06:00][ 5468: 5468][info ] Initializing krisp SDK...
[2025-Dec-07 14:07:59.905 -06:00][ 5468: 5468][info ] DoKrispInitialize
[2025-Dec-07 14:08:00.212 -06:00][ 5468: 5468][info ] LoadDynamicKrisp
[2025-Dec-07 14:08:00.212 -06:00][ 5468: 5468][info ] Did not find KRISP_DYLIB_PATH, skipping dynamic loading
[2025-Dec-07 14:08:00.212 -06:00][ 5468: 5468][info ] Initializing Krisp SDK in PID 5468, addr 0x7f839697cf90
[2025-Dec-07 14:08:00.213 -06:00][ 5468: 5468][info ] Initialized Krisp SDK successfully
[2025-Dec-07 14:08:00.213 -06:00][ 5468: 5468][info ] Krisp SDK initialized
[2025-Dec-19 08:45:53.893 -06:00][77404:77404][info ] Logging initialized
[2025-Dec-19 08:45:53.894 -06:00][77404:77404][info ] Initializing krisp SDK...
[2025-Dec-19 08:45:53.894 -06:00][77404:77404][info ] DoKrispInitialize
[2025-Dec-19 08:45:54.188 -06:00][77404:77404][info ] LoadDynamicKrisp
[2025-Dec-19 08:45:54.189 -06:00][77404:77404][info ] Did not find KRISP_DYLIB_PATH, skipping dynamic loading
[2025-Dec-19 08:45:54.189 -06:00][77404:77404][info ] Initializing Krisp SDK in PID 77404, addr 0x7f8fbc96cf90
[2025-Dec-19 08:45:54.189 -06:00][77404:77404][info ] Initialized Krisp SDK successfully
[2025-Dec-19 08:45:54.189 -06:00][77404:77404][info ] Krisp SDK initialized
[2025-Dec-19 21:19:39.723 -06:00][59117:59117][info ] Logging initialized
[2025-Dec-19 21:19:39.723 -06:00][59117:59117][info ] Initializing krisp SDK...
[2025-Dec-19 21:19:39.723 -06:00][59117:59117][info ] DoKrispInitialize
[2025-Dec-19 21:19:40.031 -06:00][59117:59117][info ] LoadDynamicKrisp
[2025-Dec-19 21:19:40.031 -06:00][59117:59117][info ] Did not find KRISP_DYLIB_PATH, skipping dynamic loading
[2025-Dec-19 21:19:40.031 -06:00][59117:59117][info ] Initializing Krisp SDK in PID 59117, addr 0x7f1e10e6cf90
[2025-Dec-19 21:19:40.032 -06:00][59117:59117][info ] Initialized Krisp SDK successfully
[2025-Dec-19 21:19:40.032 -06:00][59117:59117][info ] Krisp SDK initialized
[2025-Dec-21 17:15:27.580 -06:00][13035:13035][info ] Logging initialized
[2025-Dec-21 17:15:27.580 -06:00][13035:13035][info ] Initializing krisp SDK...
[2025-Dec-21 17:15:27.580 -06:00][13035:13035][info ] DoKrispInitialize
[2025-Dec-21 17:15:27.878 -06:00][13035:13035][info ] LoadDynamicKrisp
[2025-Dec-21 17:15:27.878 -06:00][13035:13035][info ] Did not find KRISP_DYLIB_PATH, skipping dynamic loading
[2025-Dec-21 17:15:27.878 -06:00][13035:13035][info ] Initializing Krisp SDK in PID 13035, addr 0x7f26ae56cf90
[2025-Dec-21 17:15:27.879 -06:00][13035:13035][info ] Initialized Krisp SDK successfully
[2025-Dec-21 17:15:27.879 -06:00][13035:13035][info ] Krisp SDK initialized
[2025-Dec-23 16:42:38.823 -06:00][ 6531: 6531][info ] Logging initialized
[2025-Dec-23 16:42:38.823 -06:00][ 6531: 6531][info ] Initializing krisp SDK...
[2025-Dec-23 16:42:38.823 -06:00][ 6531: 6531][info ] DoKrispInitialize
[2025-Dec-23 16:42:39.139 -06:00][ 6531: 6531][info ] LoadDynamicKrisp
[2025-Dec-23 16:42:39.139 -06:00][ 6531: 6531][info ] Did not find KRISP_DYLIB_PATH, skipping dynamic loading
[2025-Dec-23 16:42:39.139 -06:00][ 6531: 6531][info ] Initializing Krisp SDK in PID 6531, addr 0x7f355606cf90
[2025-Dec-23 16:42:39.140 -06:00][ 6531: 6531][info ] Initialized Krisp SDK successfully
[2025-Dec-23 16:42:39.140 -06:00][ 6531: 6531][info ] Krisp SDK initialized
[2025-Dec-23 18:47:42.030 -06:00][22023:22023][info ] Logging initialized
[2025-Dec-23 18:47:42.030 -06:00][22023:22023][info ] Initializing krisp SDK...
[2025-Dec-23 18:47:42.030 -06:00][22023:22023][info ] DoKrispInitialize
[2025-Dec-23 18:47:42.334 -06:00][22023:22023][info ] LoadDynamicKrisp
[2025-Dec-23 18:47:42.334 -06:00][22023:22023][info ] Did not find KRISP_DYLIB_PATH, skipping dynamic loading
[2025-Dec-23 18:47:42.334 -06:00][22023:22023][info ] Initializing Krisp SDK in PID 22023, addr 0x7f585db6cf90
[2025-Dec-23 18:47:42.335 -06:00][22023:22023][info ] Initialized Krisp SDK successfully
[2025-Dec-23 18:47:42.335 -06:00][22023:22023][info ] Krisp SDK initialized
[2025-Dec-23 18:51:02.240 -06:00][22023:22119][info ] KrispNCSetup: sampleRate = 48000, duration = 10
[2025-Dec-23 18:51:02.240 -06:00][22023:22119][info ] Setting Krisp model: full_NC
[2025-Dec-23 18:51:02.278 -06:00][22023:22119][info ] KrispVADSetup: sampleRate = 48000, duration = 10
[2025-Dec-24 10:23:26.253 -06:00][142941:142941][info ] Logging initialized
[2025-Dec-24 10:23:26.253 -06:00][142941:142941][info ] Initializing krisp SDK...
[2025-Dec-24 10:23:26.253 -06:00][142941:142941][info ] DoKrispInitialize
[2025-Dec-24 10:23:26.556 -06:00][142941:142941][info ] LoadDynamicKrisp
[2025-Dec-24 10:23:26.556 -06:00][142941:142941][info ] Did not find KRISP_DYLIB_PATH, skipping dynamic loading
[2025-Dec-24 10:23:26.556 -06:00][142941:142941][info ] Initializing Krisp SDK in PID 142941, addr 0x7f47e78acf90
[2025-Dec-24 10:23:26.557 -06:00][142941:142941][info ] Initialized Krisp SDK successfully
[2025-Dec-24 10:23:26.557 -06:00][142941:142941][info ] Krisp SDK initialized
[2025-Dec-24 13:57:56.916 -06:00][ 3622: 3622][info ] Logging initialized
[2025-Dec-24 13:57:56.917 -06:00][ 3622: 3622][info ] Initializing krisp SDK...
[2025-Dec-24 13:57:56.917 -06:00][ 3622: 3622][info ] DoKrispInitialize
[2025-Dec-24 13:57:57.232 -06:00][ 3622: 3622][info ] LoadDynamicKrisp
[2025-Dec-24 13:57:57.232 -06:00][ 3622: 3622][info ] Did not find KRISP_DYLIB_PATH, skipping dynamic loading
[2025-Dec-24 13:57:57.232 -06:00][ 3622: 3622][info ] Initializing Krisp SDK in PID 3622, addr 0x7fd88455cf90
[2025-Dec-24 13:57:57.233 -06:00][ 3622: 3622][info ] Initialized Krisp SDK successfully
[2025-Dec-24 13:57:57.233 -06:00][ 3622: 3622][info ] Krisp SDK initialized
[2025-Dec-24 21:19:23.908 -06:00][ 2356: 2356][info ] Logging initialized
[2025-Dec-24 21:19:23.908 -06:00][ 2356: 2356][info ] Initializing krisp SDK...
[2025-Dec-24 21:19:23.908 -06:00][ 2356: 2356][info ] DoKrispInitialize
[2025-Dec-24 21:19:24.206 -06:00][ 2356: 2356][info ] LoadDynamicKrisp
[2025-Dec-24 21:19:24.206 -06:00][ 2356: 2356][info ] Did not find KRISP_DYLIB_PATH, skipping dynamic loading
[2025-Dec-24 21:19:24.206 -06:00][ 2356: 2356][info ] Initializing Krisp SDK in PID 2356, addr 0x7f750366cf90
[2025-Dec-24 21:19:24.207 -06:00][ 2356: 2356][info ] Initialized Krisp SDK successfully
[2025-Dec-24 21:19:24.207 -06:00][ 2356: 2356][info ] Krisp SDK initialized
[2025-Dec-25 08:50:05.592 -06:00][11204:11204][info ] Logging initialized
[2025-Dec-25 08:50:05.592 -06:00][11204:11204][info ] Initializing krisp SDK...
[2025-Dec-25 08:50:05.592 -06:00][11204:11204][info ] DoKrispInitialize
[2025-Dec-25 08:50:05.898 -06:00][11204:11204][info ] LoadDynamicKrisp
[2025-Dec-25 08:50:05.899 -06:00][11204:11204][info ] Did not find KRISP_DYLIB_PATH, skipping dynamic loading
[2025-Dec-25 08:50:05.899 -06:00][11204:11204][info ] Initializing Krisp SDK in PID 11204, addr 0x7db359e6cf90
[2025-Dec-25 08:50:05.899 -06:00][11204:11204][info ] Initialized Krisp SDK successfully
[2025-Dec-25 08:50:05.899 -06:00][11204:11204][info ] Krisp SDK initialized
[2025-Dec-25 16:31:27.976 -06:00][17136:17136][info ] Logging initialized
[2025-Dec-25 16:31:27.976 -06:00][17136:17136][info ] Initializing krisp SDK...
[2025-Dec-25 16:31:27.976 -06:00][17136:17136][info ] DoKrispInitialize
[2025-Dec-25 16:31:28.284 -06:00][17136:17136][info ] LoadDynamicKrisp
[2025-Dec-25 16:31:28.284 -06:00][17136:17136][info ] Did not find KRISP_DYLIB_PATH, skipping dynamic loading
[2025-Dec-25 16:31:28.284 -06:00][17136:17136][info ] Initializing Krisp SDK in PID 17136, addr 0x7efe13eacf90
[2025-Dec-25 16:31:28.285 -06:00][17136:17136][info ] Initialized Krisp SDK successfully
[2025-Dec-25 16:31:28.285 -06:00][17136:17136][info ] Krisp SDK initialized
[2025-Dec-26 21:12:54.968 -06:00][10916:10916][info ] Logging initialized
[2025-Dec-26 21:12:54.968 -06:00][10916:10916][info ] Initializing krisp SDK...
[2025-Dec-26 21:12:54.968 -06:00][10916:10916][info ] DoKrispInitialize
[2025-Dec-26 21:12:55.291 -06:00][10916:10916][info ] LoadDynamicKrisp
[2025-Dec-26 21:12:55.291 -06:00][10916:10916][info ] Did not find KRISP_DYLIB_PATH, skipping dynamic loading
[2025-Dec-26 21:12:55.291 -06:00][10916:10916][info ] Initializing Krisp SDK in PID 10916, addr 0x7f0c0e55cf90
[2025-Dec-26 21:12:55.291 -06:00][10916:10916][info ] Initialized Krisp SDK successfully
[2025-Dec-26 21:12:55.291 -06:00][10916:10916][info ] Krisp SDK initialized
[2025-Dec-26 23:08:36.815 -06:00][86898:86898][info ] Logging initialized
[2025-Dec-26 23:08:36.815 -06:00][86898:86898][info ] Initializing krisp SDK...
[2025-Dec-26 23:08:36.815 -06:00][86898:86898][info ] DoKrispInitialize
[2025-Dec-26 23:08:37.133 -06:00][86898:86898][info ] LoadDynamicKrisp
[2025-Dec-26 23:08:37.133 -06:00][86898:86898][info ] Did not find KRISP_DYLIB_PATH, skipping dynamic loading
[2025-Dec-26 23:08:37.133 -06:00][86898:86898][info ] Initializing Krisp SDK in PID 86898, addr 0x7f3edd1acf90
[2025-Dec-26 23:08:37.134 -06:00][86898:86898][info ] Initialized Krisp SDK successfully
[2025-Dec-26 23:08:37.134 -06:00][86898:86898][info ] Krisp SDK initialized
[2025-Dec-27 13:10:38.790 -06:00][100493:100493][info ] Logging initialized
[2025-Dec-27 13:10:38.790 -06:00][100493:100493][info ] Initializing krisp SDK...
[2025-Dec-27 13:10:38.790 -06:00][100493:100493][info ] DoKrispInitialize
[2025-Dec-27 13:10:39.116 -06:00][100493:100493][info ] LoadDynamicKrisp
[2025-Dec-27 13:10:39.116 -06:00][100493:100493][info ] Did not find KRISP_DYLIB_PATH, skipping dynamic loading
[2025-Dec-27 13:10:39.116 -06:00][100493:100493][info ] Initializing Krisp SDK in PID 100493, addr 0x7fb74306cf90
[2025-Dec-27 13:10:39.117 -06:00][100493:100493][info ] Initialized Krisp SDK successfully
[2025-Dec-27 13:10:39.117 -06:00][100493:100493][info ] Krisp SDK initialized
[2025-Dec-29 19:31:51.216 -06:00][60101:60101][info ] Logging initialized
[2025-Dec-29 19:31:51.216 -06:00][60101:60101][info ] Initializing krisp SDK...
[2025-Dec-29 19:31:51.216 -06:00][60101:60101][info ] DoKrispInitialize
[2025-Dec-29 19:31:51.636 -06:00][60101:60101][info ] LoadDynamicKrisp
[2025-Dec-29 19:31:51.636 -06:00][60101:60101][info ] Did not find KRISP_DYLIB_PATH, skipping dynamic loading
[2025-Dec-29 19:31:51.636 -06:00][60101:60101][info ] Initializing Krisp SDK in PID 60101, addr 0x7f3f6fd6cf90
[2025-Dec-29 19:31:51.637 -06:00][60101:60101][info ] Initialized Krisp SDK successfully
[2025-Dec-29 19:31:51.637 -06:00][60101:60101][info ] Krisp SDK initialized
[2025-Dec-29 21:04:02.882 -06:00][25003:25003][info ] Logging initialized
[2025-Dec-29 21:04:02.882 -06:00][25003:25003][info ] Initializing krisp SDK...
[2025-Dec-29 21:04:02.882 -06:00][25003:25003][info ] DoKrispInitialize
[2025-Dec-29 21:04:03.289 -06:00][25003:25003][info ] LoadDynamicKrisp
[2025-Dec-29 21:04:03.289 -06:00][25003:25003][info ] Did not find KRISP_DYLIB_PATH, skipping dynamic loading
[2025-Dec-29 21:04:03.289 -06:00][25003:25003][info ] Initializing Krisp SDK in PID 25003, addr 0x7ff863e6cf90
[2025-Dec-29 21:04:03.290 -06:00][25003:25003][info ] Initialized Krisp SDK successfully
[2025-Dec-29 21:04:03.290 -06:00][25003:25003][info ] Krisp SDK initialized
[2025-Dec-30 10:08:23.562 -06:00][45256:45256][info ] Logging initialized
[2025-Dec-30 10:08:23.562 -06:00][45256:45256][info ] Initializing krisp SDK...
[2025-Dec-30 10:08:23.562 -06:00][45256:45256][info ] DoKrispInitialize
[2025-Dec-30 10:08:23.880 -06:00][45256:45256][info ] LoadDynamicKrisp
[2025-Dec-30 10:08:23.880 -06:00][45256:45256][info ] Did not find KRISP_DYLIB_PATH, skipping dynamic loading
[2025-Dec-30 10:08:23.880 -06:00][45256:45256][info ] Initializing Krisp SDK in PID 45256, addr 0x7f8874c6cf90
[2025-Dec-30 10:08:23.881 -06:00][45256:45256][info ] Initialized Krisp SDK successfully
[2025-Dec-30 10:08:23.881 -06:00][45256:45256][info ] Krisp SDK initialized
[2025-Dec-30 15:07:12.176 -06:00][41888:41888][info ] Logging initialized
[2025-Dec-30 15:07:12.177 -06:00][41888:41888][info ] Initializing krisp SDK...
[2025-Dec-30 15:07:12.177 -06:00][41888:41888][info ] DoKrispInitialize
[2025-Dec-30 15:07:12.506 -06:00][41888:41888][info ] LoadDynamicKrisp
[2025-Dec-30 15:07:12.506 -06:00][41888:41888][info ] Did not find KRISP_DYLIB_PATH, skipping dynamic loading
[2025-Dec-30 15:07:12.506 -06:00][41888:41888][info ] Initializing Krisp SDK in PID 41888, addr 0x7fdb7816cf90
[2025-Dec-30 15:07:12.507 -06:00][41888:41888][info ] Initialized Krisp SDK successfully
[2025-Dec-30 15:07:12.507 -06:00][41888:41888][info ] Krisp SDK initialized
[2025-Dec-31 19:33:50.899 -06:00][ 4929: 4929][info ] Logging initialized
[2025-Dec-31 19:33:50.899 -06:00][ 4929: 4929][info ] Initializing krisp SDK...
[2025-Dec-31 19:33:50.899 -06:00][ 4929: 4929][info ] DoKrispInitialize
[2025-Dec-31 19:33:51.230 -06:00][ 4929: 4929][info ] LoadDynamicKrisp
[2025-Dec-31 19:33:51.231 -06:00][ 4929: 4929][info ] Did not find KRISP_DYLIB_PATH, skipping dynamic loading
[2025-Dec-31 19:33:51.231 -06:00][ 4929: 4929][info ] Initializing Krisp SDK in PID 4929, addr 0x7fde2cf5cf90
[2025-Dec-31 19:33:51.231 -06:00][ 4929: 4929][info ] Initialized Krisp SDK successfully
[2025-Dec-31 19:33:51.231 -06:00][ 4929: 4929][info ] Krisp SDK initialized
[2025-Dec-31 20:23:43.178 -06:00][ 6313: 6313][info ] Logging initialized
[2025-Dec-31 20:23:43.178 -06:00][ 6313: 6313][info ] Initializing krisp SDK...
[2025-Dec-31 20:23:43.178 -06:00][ 6313: 6313][info ] DoKrispInitialize
[2025-Dec-31 20:23:43.490 -06:00][ 6313: 6313][info ] LoadDynamicKrisp
[2025-Dec-31 20:23:43.490 -06:00][ 6313: 6313][info ] Did not find KRISP_DYLIB_PATH, skipping dynamic loading
[2025-Dec-31 20:23:43.490 -06:00][ 6313: 6313][info ] Initializing Krisp SDK in PID 6313, addr 0x7fc83a46cf90
[2025-Dec-31 20:23:43.491 -06:00][ 6313: 6313][info ] Initialized Krisp SDK successfully
[2025-Dec-31 20:23:43.491 -06:00][ 6313: 6313][info ] Krisp SDK initialized
[2026-Jan-01 07:58:34.957 -06:00][ 3065: 3065][info ] Logging initialized
[2026-Jan-01 07:58:34.957 -06:00][ 3065: 3065][info ] Initializing krisp SDK...
[2026-Jan-01 07:58:34.957 -06:00][ 3065: 3065][info ] DoKrispInitialize
[2026-Jan-01 07:58:35.277 -06:00][ 3065: 3065][info ] LoadDynamicKrisp
[2026-Jan-01 07:58:35.277 -06:00][ 3065: 3065][info ] Did not find KRISP_DYLIB_PATH, skipping dynamic loading
[2026-Jan-01 07:58:35.277 -06:00][ 3065: 3065][info ] Initializing Krisp SDK in PID 3065, addr 0x7f1e3f1acf90
[2026-Jan-01 07:58:35.277 -06:00][ 3065: 3065][info ] Initialized Krisp SDK successfully
[2026-Jan-01 07:58:35.277 -06:00][ 3065: 3065][info ] Krisp SDK initialized
[2026-Jan-01 08:52:08.943 -06:00][54083:54083][info ] Logging initialized
[2026-Jan-01 08:52:08.943 -06:00][54083:54083][info ] Initializing krisp SDK...
[2026-Jan-01 08:52:08.943 -06:00][54083:54083][info ] DoKrispInitialize
[2026-Jan-01 08:52:09.261 -06:00][54083:54083][info ] LoadDynamicKrisp
[2026-Jan-01 08:52:09.261 -06:00][54083:54083][info ] Did not find KRISP_DYLIB_PATH, skipping dynamic loading
[2026-Jan-01 08:52:09.261 -06:00][54083:54083][info ] Initializing Krisp SDK in PID 54083, addr 0x7fa830e6cf90
[2026-Jan-01 08:52:09.262 -06:00][54083:54083][info ] Initialized Krisp SDK successfully
[2026-Jan-01 08:52:09.262 -06:00][54083:54083][info ] Krisp SDK initialized
[2026-Jan-01 10:03:43.833 -06:00][73453:73453][info ] Logging initialized
[2026-Jan-01 10:03:43.833 -06:00][73453:73453][info ] Initializing krisp SDK...
[2026-Jan-01 10:03:43.833 -06:00][73453:73453][info ] DoKrispInitialize
[2026-Jan-01 10:03:44.168 -06:00][73453:73453][info ] LoadDynamicKrisp
[2026-Jan-01 10:03:44.168 -06:00][73453:73453][info ] Did not find KRISP_DYLIB_PATH, skipping dynamic loading
[2026-Jan-01 10:03:44.168 -06:00][73453:73453][info ] Initializing Krisp SDK in PID 73453, addr 0x7f5e42f6cf90
[2026-Jan-01 10:03:44.169 -06:00][73453:73453][info ] Initialized Krisp SDK successfully
[2026-Jan-01 10:03:44.169 -06:00][73453:73453][info ] Krisp SDK initialized
[2026-Jan-01 12:00:24.430 -06:00][22122:22122][info ] Logging initialized
[2026-Jan-01 12:00:24.430 -06:00][22122:22122][info ] Initializing krisp SDK...
[2026-Jan-01 12:00:24.430 -06:00][22122:22122][info ] DoKrispInitialize
[2026-Jan-01 12:00:24.793 -06:00][22122:22122][info ] LoadDynamicKrisp
[2026-Jan-01 12:00:24.793 -06:00][22122:22122][info ] Did not find KRISP_DYLIB_PATH, skipping dynamic loading
[2026-Jan-01 12:00:24.793 -06:00][22122:22122][info ] Initializing Krisp SDK in PID 22122, addr 0x7fb17186cf90
[2026-Jan-01 12:00:24.794 -06:00][22122:22122][info ] Initialized Krisp SDK successfully
[2026-Jan-01 12:00:24.794 -06:00][22122:22122][info ] Krisp SDK initialized
[2026-Jan-01 21:54:00.369 -06:00][111220:111220][info ] Logging initialized
[2026-Jan-01 21:54:00.369 -06:00][111220:111220][info ] Initializing krisp SDK...
[2026-Jan-01 21:54:00.369 -06:00][111220:111220][info ] DoKrispInitialize
[2026-Jan-01 21:54:00.692 -06:00][111220:111220][info ] LoadDynamicKrisp
[2026-Jan-01 21:54:00.692 -06:00][111220:111220][info ] Did not find KRISP_DYLIB_PATH, skipping dynamic loading
[2026-Jan-01 21:54:00.692 -06:00][111220:111220][info ] Initializing Krisp SDK in PID 111220, addr 0x7f4d35a6cf90
[2026-Jan-01 21:54:00.693 -06:00][111220:111220][info ] Initialized Krisp SDK successfully
[2026-Jan-01 21:54:00.693 -06:00][111220:111220][info ] Krisp SDK initialized
[2026-Jan-04 12:27:39.533 -06:00][122803:122803][info ] Logging initialized
[2026-Jan-04 12:27:39.533 -06:00][122803:122803][info ] Initializing krisp SDK...
[2026-Jan-04 12:27:39.533 -06:00][122803:122803][info ] DoKrispInitialize
[2026-Jan-04 12:27:39.864 -06:00][122803:122803][info ] LoadDynamicKrisp
[2026-Jan-04 12:27:39.864 -06:00][122803:122803][info ] Did not find KRISP_DYLIB_PATH, skipping dynamic loading
[2026-Jan-04 12:27:39.864 -06:00][122803:122803][info ] Initializing Krisp SDK in PID 122803, addr 0x7efe89a6cf90
[2026-Jan-04 12:27:39.865 -06:00][122803:122803][info ] Initialized Krisp SDK successfully
[2026-Jan-04 12:27:39.865 -06:00][122803:122803][info ] Krisp SDK initialized
[2026-Jan-04 13:09:05.664 -06:00][23268:23268][info ] Logging initialized
[2026-Jan-04 13:09:05.664 -06:00][23268:23268][info ] Initializing krisp SDK...
[2026-Jan-04 13:09:05.664 -06:00][23268:23268][info ] DoKrispInitialize
[2026-Jan-04 13:09:05.989 -06:00][23268:23268][info ] LoadDynamicKrisp
[2026-Jan-04 13:09:05.989 -06:00][23268:23268][info ] Did not find KRISP_DYLIB_PATH, skipping dynamic loading
[2026-Jan-04 13:09:05.989 -06:00][23268:23268][info ] Initializing Krisp SDK in PID 23268, addr 0x7fdc9826cf90
[2026-Jan-04 13:09:05.990 -06:00][23268:23268][info ] Initialized Krisp SDK successfully
[2026-Jan-04 13:09:05.990 -06:00][23268:23268][info ] Krisp SDK initialized
[2026-Jan-04 16:19:14.715 -06:00][18027:18027][info ] Logging initialized
[2026-Jan-04 16:19:14.715 -06:00][18027:18027][info ] Initializing krisp SDK...
[2026-Jan-04 16:19:14.715 -06:00][18027:18027][info ] DoKrispInitialize
[2026-Jan-04 16:19:15.038 -06:00][18027:18027][info ] LoadDynamicKrisp
[2026-Jan-04 16:19:15.038 -06:00][18027:18027][info ] Did not find KRISP_DYLIB_PATH, skipping dynamic loading
[2026-Jan-04 16:19:15.038 -06:00][18027:18027][info ] Initializing Krisp SDK in PID 18027, addr 0x7f943d95cf90
[2026-Jan-04 16:19:15.039 -06:00][18027:18027][info ] Initialized Krisp SDK successfully
[2026-Jan-04 16:19:15.039 -06:00][18027:18027][info ] Krisp SDK initialized
[2026-Jan-04 19:25:58.189 -06:00][91792:91792][info ] Logging initialized
[2026-Jan-04 19:25:58.189 -06:00][91792:91792][info ] Initializing krisp SDK...
[2026-Jan-04 19:25:58.189 -06:00][91792:91792][info ] DoKrispInitialize
[2026-Jan-04 19:25:58.522 -06:00][91792:91792][info ] LoadDynamicKrisp
[2026-Jan-04 19:25:58.522 -06:00][91792:91792][info ] Did not find KRISP_DYLIB_PATH, skipping dynamic loading
[2026-Jan-04 19:25:58.522 -06:00][91792:91792][info ] Initializing Krisp SDK in PID 91792, addr 0x7f2c8ecacf90
[2026-Jan-04 19:25:58.523 -06:00][91792:91792][info ] Initialized Krisp SDK successfully
[2026-Jan-04 19:25:58.523 -06:00][91792:91792][info ] Krisp SDK initialized
[2026-Jan-04 22:26:37.073 -06:00][47127:47127][info ] Logging initialized
[2026-Jan-04 22:26:37.073 -06:00][47127:47127][info ] Initializing krisp SDK...
[2026-Jan-04 22:26:37.073 -06:00][47127:47127][info ] DoKrispInitialize
[2026-Jan-04 22:26:37.390 -06:00][47127:47127][info ] LoadDynamicKrisp
[2026-Jan-04 22:26:37.390 -06:00][47127:47127][info ] Did not find KRISP_DYLIB_PATH, skipping dynamic loading
[2026-Jan-04 22:26:37.390 -06:00][47127:47127][info ] Initializing Krisp SDK in PID 47127, addr 0x7fd6da15cf90
[2026-Jan-04 22:26:37.391 -06:00][47127:47127][info ] Initialized Krisp SDK successfully
[2026-Jan-04 22:26:37.391 -06:00][47127:47127][info ] Krisp SDK initialized
[2026-Jan-05 06:46:18.481 -06:00][13713:13713][info ] Logging initialized
[2026-Jan-05 06:46:18.481 -06:00][13713:13713][info ] Initializing krisp SDK...
[2026-Jan-05 06:46:18.481 -06:00][13713:13713][info ] DoKrispInitialize
[2026-Jan-05 06:46:18.805 -06:00][13713:13713][info ] LoadDynamicKrisp
[2026-Jan-05 06:46:18.805 -06:00][13713:13713][info ] Did not find KRISP_DYLIB_PATH, skipping dynamic loading
[2026-Jan-05 06:46:18.805 -06:00][13713:13713][info ] Initializing Krisp SDK in PID 13713, addr 0x7f185b95cf90
[2026-Jan-05 06:46:18.806 -06:00][13713:13713][info ] Initialized Krisp SDK successfully
[2026-Jan-05 06:46:18.806 -06:00][13713:13713][info ] Krisp SDK initialized
[2026-Jan-06 07:04:32.979 -06:00][40822:40822][info ] Logging initialized
[2026-Jan-06 07:04:32.979 -06:00][40822:40822][info ] Initializing krisp SDK...
[2026-Jan-06 07:04:32.979 -06:00][40822:40822][info ] DoKrispInitialize
[2026-Jan-06 07:04:33.311 -06:00][40822:40822][info ] LoadDynamicKrisp
[2026-Jan-06 07:04:33.312 -06:00][40822:40822][info ] Did not find KRISP_DYLIB_PATH, skipping dynamic loading
[2026-Jan-06 07:04:33.312 -06:00][40822:40822][info ] Initializing Krisp SDK in PID 40822, addr 0x7f021f6acf90
[2026-Jan-06 07:04:33.312 -06:00][40822:40822][info ] Initialized Krisp SDK successfully
[2026-Jan-06 07:04:33.312 -06:00][40822:40822][info ] Krisp SDK initialized
[2026-Jan-06 07:04:35.009 -06:00][40822:40822][info ] Logging initialized
[2026-Jan-06 07:04:35.009 -06:00][40822:40822][info ] Initializing krisp SDK...
[2026-Jan-06 07:04:35.009 -06:00][40822:40822][info ] Krisp SDK initialized
[2026-Jan-07 13:29:59.425 -06:00][50437:50437][info ] Logging initialized
[2026-Jan-07 13:29:59.425 -06:00][50437:50437][info ] Initializing krisp SDK...
[2026-Jan-07 13:29:59.425 -06:00][50437:50437][info ] DoKrispInitialize
[2026-Jan-07 13:29:59.741 -06:00][50437:50437][info ] LoadDynamicKrisp
[2026-Jan-07 13:29:59.741 -06:00][50437:50437][info ] Did not find KRISP_DYLIB_PATH, skipping dynamic loading
[2026-Jan-07 13:29:59.741 -06:00][50437:50437][info ] Initializing Krisp SDK in PID 50437, addr 0x7f158f67cf90
[2026-Jan-07 13:29:59.742 -06:00][50437:50437][info ] Initialized Krisp SDK successfully
[2026-Jan-07 13:29:59.742 -06:00][50437:50437][info ] Krisp SDK initialized
[2026-Jan-07 19:40:45.837 -06:00][125900:125900][info ] Logging initialized
[2026-Jan-07 19:40:45.837 -06:00][125900:125900][info ] Initializing krisp SDK...
[2026-Jan-07 19:40:45.837 -06:00][125900:125900][info ] DoKrispInitialize
[2026-Jan-07 19:40:46.167 -06:00][125900:125900][info ] LoadDynamicKrisp
[2026-Jan-07 19:40:46.167 -06:00][125900:125900][info ] Did not find KRISP_DYLIB_PATH, skipping dynamic loading
[2026-Jan-07 19:40:46.167 -06:00][125900:125900][info ] Initializing Krisp SDK in PID 125900, addr 0x7e492186cf90
[2026-Jan-07 19:40:46.168 -06:00][125900:125900][info ] Initialized Krisp SDK successfully
[2026-Jan-07 19:40:46.168 -06:00][125900:125900][info ] Krisp SDK initialized
[2026-Jan-07 21:08:49.415 -06:00][ 2275: 2275][info ] Logging initialized
[2026-Jan-07 21:08:49.415 -06:00][ 2275: 2275][info ] Initializing krisp SDK...
[2026-Jan-07 21:08:49.415 -06:00][ 2275: 2275][info ] DoKrispInitialize
[2026-Jan-07 21:08:49.725 -06:00][ 2275: 2275][info ] LoadDynamicKrisp
[2026-Jan-07 21:08:49.725 -06:00][ 2275: 2275][info ] Did not find KRISP_DYLIB_PATH, skipping dynamic loading
[2026-Jan-07 21:08:49.725 -06:00][ 2275: 2275][info ] Initializing Krisp SDK in PID 2275, addr 0x7fddef46cf90
[2026-Jan-07 21:08:49.726 -06:00][ 2275: 2275][info ] Initialized Krisp SDK successfully
[2026-Jan-07 21:08:49.726 -06:00][ 2275: 2275][info ] Krisp SDK initialized
[2026-Jan-08 09:48:55.616 -06:00][ 2197: 2197][info ] Logging initialized
[2026-Jan-08 09:48:55.616 -06:00][ 2197: 2197][info ] Initializing krisp SDK...
[2026-Jan-08 09:48:55.616 -06:00][ 2197: 2197][info ] DoKrispInitialize
[2026-Jan-08 09:48:55.937 -06:00][ 2197: 2197][info ] LoadDynamicKrisp
[2026-Jan-08 09:48:55.937 -06:00][ 2197: 2197][info ] Did not find KRISP_DYLIB_PATH, skipping dynamic loading
[2026-Jan-08 09:48:55.937 -06:00][ 2197: 2197][info ] Initializing Krisp SDK in PID 2197, addr 0x7f0cab95cf90
[2026-Jan-08 09:48:55.938 -06:00][ 2197: 2197][info ] Initialized Krisp SDK successfully
[2026-Jan-08 09:48:55.938 -06:00][ 2197: 2197][info ] Krisp SDK initialized
[2026-Jan-08 13:44:33.760 -06:00][ 2372: 2372][info ] Logging initialized
[2026-Jan-08 13:44:33.760 -06:00][ 2372: 2372][info ] Initializing krisp SDK...
[2026-Jan-08 13:44:33.760 -06:00][ 2372: 2372][info ] DoKrispInitialize
[2026-Jan-08 13:44:34.076 -06:00][ 2372: 2372][info ] LoadDynamicKrisp
[2026-Jan-08 13:44:34.076 -06:00][ 2372: 2372][info ] Did not find KRISP_DYLIB_PATH, skipping dynamic loading
[2026-Jan-08 13:44:34.076 -06:00][ 2372: 2372][info ] Initializing Krisp SDK in PID 2372, addr 0x7ff24d83cf90
[2026-Jan-08 13:44:34.077 -06:00][ 2372: 2372][info ] Initialized Krisp SDK successfully
[2026-Jan-08 13:44:34.077 -06:00][ 2372: 2372][info ] Krisp SDK initialized
[2026-Jan-08 16:43:30.663 -06:00][12176:12176][info ] Logging initialized
[2026-Jan-08 16:43:30.663 -06:00][12176:12176][info ] Initializing krisp SDK...
[2026-Jan-08 16:43:30.663 -06:00][12176:12176][info ] DoKrispInitialize
[2026-Jan-08 16:43:30.985 -06:00][12176:12176][info ] LoadDynamicKrisp
[2026-Jan-08 16:43:30.985 -06:00][12176:12176][info ] Did not find KRISP_DYLIB_PATH, skipping dynamic loading
[2026-Jan-08 16:43:30.985 -06:00][12176:12176][info ] Initializing Krisp SDK in PID 12176, addr 0x7f110046cf90
[2026-Jan-08 16:43:30.986 -06:00][12176:12176][info ] Initialized Krisp SDK successfully
[2026-Jan-08 16:43:30.986 -06:00][12176:12176][info ] Krisp SDK initialized
[2026-Jan-09 09:44:41.763 -06:00][98393:98393][info ] Logging initialized
[2026-Jan-09 09:44:41.763 -06:00][98393:98393][info ] Initializing krisp SDK...
[2026-Jan-09 09:44:41.763 -06:00][98393:98393][info ] DoKrispInitialize
[2026-Jan-09 09:44:42.085 -06:00][98393:98393][info ] LoadDynamicKrisp
[2026-Jan-09 09:44:42.085 -06:00][98393:98393][info ] Did not find KRISP_DYLIB_PATH, skipping dynamic loading
[2026-Jan-09 09:44:42.085 -06:00][98393:98393][info ] Initializing Krisp SDK in PID 98393, addr 0x7f2982aacf90
[2026-Jan-09 09:44:42.087 -06:00][98393:98393][info ] Initialized Krisp SDK successfully
[2026-Jan-09 09:44:42.087 -06:00][98393:98393][info ] Krisp SDK initialized
[2026-Jan-09 16:35:20.286 -06:00][15255:15255][info ] Logging initialized
[2026-Jan-09 16:35:20.286 -06:00][15255:15255][info ] Initializing krisp SDK...
[2026-Jan-09 16:35:20.286 -06:00][15255:15255][info ] DoKrispInitialize
[2026-Jan-09 16:35:20.632 -06:00][15255:15255][info ] LoadDynamicKrisp
[2026-Jan-09 16:35:20.632 -06:00][15255:15255][info ] Did not find KRISP_DYLIB_PATH, skipping dynamic loading
[2026-Jan-09 16:35:20.632 -06:00][15255:15255][info ] Initializing Krisp SDK in PID 15255, addr 0x7faba768cf90
[2026-Jan-09 16:35:20.633 -06:00][15255:15255][info ] Initialized Krisp SDK successfully
[2026-Jan-09 16:35:20.633 -06:00][15255:15255][info ] Krisp SDK initialized
[2026-Jan-09 20:02:05.615 -06:00][28170:28170][info ] Logging initialized
[2026-Jan-09 20:02:05.615 -06:00][28170:28170][info ] Initializing krisp SDK...
[2026-Jan-09 20:02:05.615 -06:00][28170:28170][info ] DoKrispInitialize
[2026-Jan-09 20:02:05.957 -06:00][28170:28170][info ] LoadDynamicKrisp
[2026-Jan-09 20:02:05.958 -06:00][28170:28170][info ] Did not find KRISP_DYLIB_PATH, skipping dynamic loading
[2026-Jan-09 20:02:05.958 -06:00][28170:28170][info ] Initializing Krisp SDK in PID 28170, addr 0x7f23be05cf90
[2026-Jan-09 20:02:05.959 -06:00][28170:28170][info ] Initialized Krisp SDK successfully
[2026-Jan-09 20:02:05.959 -06:00][28170:28170][info ] Krisp SDK initialized
[2026-Jan-10 14:15:22.540 -06:00][10793:10793][info ] Logging initialized
[2026-Jan-10 14:15:22.540 -06:00][10793:10793][info ] Initializing krisp SDK...
[2026-Jan-10 14:15:22.540 -06:00][10793:10793][info ] DoKrispInitialize
[2026-Jan-10 14:15:22.864 -06:00][10793:10793][info ] LoadDynamicKrisp
[2026-Jan-10 14:15:22.864 -06:00][10793:10793][info ] Did not find KRISP_DYLIB_PATH, skipping dynamic loading
[2026-Jan-10 14:15:22.864 -06:00][10793:10793][info ] Initializing Krisp SDK in PID 10793, addr 0x7fc488f6cf90
[2026-Jan-10 14:15:22.865 -06:00][10793:10793][info ] Initialized Krisp SDK successfully
[2026-Jan-10 14:15:22.865 -06:00][10793:10793][info ] Krisp SDK initialized
[2026-Jan-10 20:02:13.937 -06:00][279669:279669][info ] Logging initialized
[2026-Jan-10 20:02:13.937 -06:00][279669:279669][info ] Initializing krisp SDK...
[2026-Jan-10 20:02:13.937 -06:00][279669:279669][info ] DoKrispInitialize
[2026-Jan-10 20:02:14.259 -06:00][279669:279669][info ] LoadDynamicKrisp
[2026-Jan-10 20:02:14.259 -06:00][279669:279669][info ] Did not find KRISP_DYLIB_PATH, skipping dynamic loading
[2026-Jan-10 20:02:14.259 -06:00][279669:279669][info ] Initializing Krisp SDK in PID 279669, addr 0x7f6d50facf90
[2026-Jan-10 20:02:14.260 -06:00][279669:279669][info ] Initialized Krisp SDK successfully
[2026-Jan-10 20:02:14.260 -06:00][279669:279669][info ] Krisp SDK initialized
[2026-Jan-11 09:47:17.152 -06:00][255067:255067][info ] Logging initialized
[2026-Jan-11 09:47:17.152 -06:00][255067:255067][info ] Initializing krisp SDK...
[2026-Jan-11 09:47:17.152 -06:00][255067:255067][info ] DoKrispInitialize
[2026-Jan-11 09:47:17.486 -06:00][255067:255067][info ] LoadDynamicKrisp
[2026-Jan-11 09:47:17.486 -06:00][255067:255067][info ] Did not find KRISP_DYLIB_PATH, skipping dynamic loading
[2026-Jan-11 09:47:17.486 -06:00][255067:255067][info ] Initializing Krisp SDK in PID 255067, addr 0x7f1bc43acf90
[2026-Jan-11 09:47:17.487 -06:00][255067:255067][info ] Initialized Krisp SDK successfully
[2026-Jan-11 09:47:17.487 -06:00][255067:255067][info ] Krisp SDK initialized
[2026-Jan-11 10:35:39.991 -06:00][53924:53924][info ] Logging initialized
[2026-Jan-11 10:35:39.991 -06:00][53924:53924][info ] Initializing krisp SDK...
[2026-Jan-11 10:35:39.991 -06:00][53924:53924][info ] DoKrispInitialize
[2026-Jan-11 10:35:40.319 -06:00][53924:53924][info ] LoadDynamicKrisp
[2026-Jan-11 10:35:40.319 -06:00][53924:53924][info ] Did not find KRISP_DYLIB_PATH, skipping dynamic loading
[2026-Jan-11 10:35:40.319 -06:00][53924:53924][info ] Initializing Krisp SDK in PID 53924, addr 0x7f6591a6cf90
[2026-Jan-11 10:35:40.320 -06:00][53924:53924][info ] Initialized Krisp SDK successfully
[2026-Jan-11 10:35:40.320 -06:00][53924:53924][info ] Krisp SDK initialized
[2026-Jan-11 15:05:53.343 -06:00][41021:41021][info ] Logging initialized
[2026-Jan-11 15:05:53.343 -06:00][41021:41021][info ] Initializing krisp SDK...
[2026-Jan-11 15:05:53.343 -06:00][41021:41021][info ] DoKrispInitialize
[2026-Jan-11 15:05:53.673 -06:00][41021:41021][info ] LoadDynamicKrisp
[2026-Jan-11 15:05:53.673 -06:00][41021:41021][info ] Did not find KRISP_DYLIB_PATH, skipping dynamic loading
[2026-Jan-11 15:05:53.673 -06:00][41021:41021][info ] Initializing Krisp SDK in PID 41021, addr 0x7f6c9796cf90
[2026-Jan-11 15:05:53.674 -06:00][41021:41021][info ] Initialized Krisp SDK successfully
[2026-Jan-11 15:05:53.674 -06:00][41021:41021][info ] Krisp SDK initialized
[2026-Jan-11 19:20:26.814 -06:00][45290:45290][info ] Logging initialized
[2026-Jan-11 19:20:26.814 -06:00][45290:45290][info ] Initializing krisp SDK...
[2026-Jan-11 19:20:26.814 -06:00][45290:45290][info ] DoKrispInitialize
[2026-Jan-11 19:20:27.140 -06:00][45290:45290][info ] LoadDynamicKrisp
[2026-Jan-11 19:20:27.140 -06:00][45290:45290][info ] Did not find KRISP_DYLIB_PATH, skipping dynamic loading
[2026-Jan-11 19:20:27.140 -06:00][45290:45290][info ] Initializing Krisp SDK in PID 45290, addr 0x7f280976cf90
[2026-Jan-11 19:20:27.141 -06:00][45290:45290][info ] Initialized Krisp SDK successfully
[2026-Jan-11 19:20:27.141 -06:00][45290:45290][info ] Krisp SDK initialized
[2026-Jan-12 07:21:35.286 -06:00][114241:114241][info ] Logging initialized
[2026-Jan-12 07:21:35.286 -06:00][114241:114241][info ] Initializing krisp SDK...
[2026-Jan-12 07:21:35.286 -06:00][114241:114241][info ] DoKrispInitialize
[2026-Jan-12 07:21:35.622 -06:00][114241:114241][info ] LoadDynamicKrisp
[2026-Jan-12 07:21:35.622 -06:00][114241:114241][info ] Did not find KRISP_DYLIB_PATH, skipping dynamic loading
[2026-Jan-12 07:21:35.622 -06:00][114241:114241][info ] Initializing Krisp SDK in PID 114241, addr 0x7f9842bacf90
[2026-Jan-12 07:21:35.624 -06:00][114241:114241][info ] Initialized Krisp SDK successfully
[2026-Jan-12 07:21:35.624 -06:00][114241:114241][info ] Krisp SDK initialized
[2026-Jan-12 14:16:20.138 -06:00][32416:32416][info ] Logging initialized
[2026-Jan-12 14:16:20.138 -06:00][32416:32416][info ] Initializing krisp SDK...
[2026-Jan-12 14:16:20.138 -06:00][32416:32416][info ] DoKrispInitialize
[2026-Jan-12 14:16:20.403 -06:00][32416:32416][info ] LoadDynamicKrisp
[2026-Jan-12 14:16:20.403 -06:00][32416:32416][info ] Did not find KRISP_DYLIB_PATH, skipping dynamic loading
[2026-Jan-12 14:16:20.403 -06:00][32416:32416][info ] Initializing Krisp SDK in PID 32416, addr 0x7f39d0d4cf90
[2026-Jan-12 14:16:20.404 -06:00][32416:32416][info ] Initialized Krisp SDK successfully
[2026-Jan-12 14:16:20.404 -06:00][32416:32416][info ] Krisp SDK initialized
[2026-Jan-12 20:17:36.638 -06:00][ 3954: 3954][info ] Logging initialized
[2026-Jan-12 20:17:36.638 -06:00][ 3954: 3954][info ] Initializing krisp SDK...
[2026-Jan-12 20:17:36.638 -06:00][ 3954: 3954][info ] DoKrispInitialize
[2026-Jan-12 20:17:36.959 -06:00][ 3954: 3954][info ] LoadDynamicKrisp
[2026-Jan-12 20:17:36.959 -06:00][ 3954: 3954][info ] Did not find KRISP_DYLIB_PATH, skipping dynamic loading
[2026-Jan-12 20:17:36.959 -06:00][ 3954: 3954][info ] Initializing Krisp SDK in PID 3954, addr 0x7f905beacf90
[2026-Jan-12 20:17:36.959 -06:00][ 3954: 3954][info ] Initialized Krisp SDK successfully
[2026-Jan-12 20:17:36.959 -06:00][ 3954: 3954][info ] Krisp SDK initialized
[2026-Jan-13 06:38:22.135 -06:00][ 2279: 2279][info ] Logging initialized
[2026-Jan-13 06:38:22.135 -06:00][ 2279: 2279][info ] Initializing krisp SDK...
[2026-Jan-13 06:38:22.135 -06:00][ 2279: 2279][info ] DoKrispInitialize
[2026-Jan-13 06:38:22.437 -06:00][ 2279: 2279][info ] LoadDynamicKrisp
[2026-Jan-13 06:38:22.437 -06:00][ 2279: 2279][info ] Did not find KRISP_DYLIB_PATH, skipping dynamic loading
[2026-Jan-13 06:38:22.437 -06:00][ 2279: 2279][info ] Initializing Krisp SDK in PID 2279, addr 0x7fa801c6cf90
[2026-Jan-13 06:38:22.438 -06:00][ 2279: 2279][info ] Initialized Krisp SDK successfully
[2026-Jan-13 06:38:22.438 -06:00][ 2279: 2279][info ] Krisp SDK initialized
[2026-Jan-13 18:02:19.636 -06:00][ 2809: 2809][info ] Logging initialized
[2026-Jan-13 18:02:19.636 -06:00][ 2809: 2809][info ] Initializing krisp SDK...
[2026-Jan-13 18:02:19.636 -06:00][ 2809: 2809][info ] DoKrispInitialize
[2026-Jan-13 18:02:19.939 -06:00][ 2809: 2809][info ] LoadDynamicKrisp
[2026-Jan-13 18:02:19.939 -06:00][ 2809: 2809][info ] Did not find KRISP_DYLIB_PATH, skipping dynamic loading
[2026-Jan-13 18:02:19.939 -06:00][ 2809: 2809][info ] Initializing Krisp SDK in PID 2809, addr 0x7ff60624cf90
[2026-Jan-13 18:02:19.940 -06:00][ 2809: 2809][info ] Initialized Krisp SDK successfully
[2026-Jan-13 18:02:19.940 -06:00][ 2809: 2809][info ] Krisp SDK initialized
[2026-Jan-14 07:47:29.900 -06:00][ 3384: 3384][info ] Logging initialized
[2026-Jan-14 07:47:29.900 -06:00][ 3384: 3384][info ] Initializing krisp SDK...
[2026-Jan-14 07:47:29.900 -06:00][ 3384: 3384][info ] DoKrispInitialize
[2026-Jan-14 07:47:30.205 -06:00][ 3384: 3384][info ] LoadDynamicKrisp
[2026-Jan-14 07:47:30.205 -06:00][ 3384: 3384][info ] Did not find KRISP_DYLIB_PATH, skipping dynamic loading
[2026-Jan-14 07:47:30.205 -06:00][ 3384: 3384][info ] Initializing Krisp SDK in PID 3384, addr 0x7fc73bcacf90
[2026-Jan-14 07:47:30.206 -06:00][ 3384: 3384][info ] Initialized Krisp SDK successfully
[2026-Jan-14 07:47:30.206 -06:00][ 3384: 3384][info ] Krisp SDK initialized
[2026-Jan-15 06:35:45.260 -06:00][ 3073: 3073][info ] Logging initialized
[2026-Jan-15 06:35:45.260 -06:00][ 3073: 3073][info ] Initializing krisp SDK...
[2026-Jan-15 06:35:45.260 -06:00][ 3073: 3073][info ] DoKrispInitialize
[2026-Jan-15 06:35:45.561 -06:00][ 3073: 3073][info ] LoadDynamicKrisp
[2026-Jan-15 06:35:45.561 -06:00][ 3073: 3073][info ] Did not find KRISP_DYLIB_PATH, skipping dynamic loading
[2026-Jan-15 06:35:45.561 -06:00][ 3073: 3073][info ] Initializing Krisp SDK in PID 3073, addr 0x7f3aa984cf90
[2026-Jan-15 06:35:45.562 -06:00][ 3073: 3073][info ] Initialized Krisp SDK successfully
[2026-Jan-15 06:35:45.562 -06:00][ 3073: 3073][info ] Krisp SDK initialized
[2026-Jan-18 14:32:48.375 -06:00][ 3571: 3571][info ] Logging initialized
[2026-Jan-18 14:32:48.375 -06:00][ 3571: 3571][info ] Initializing krisp SDK...
[2026-Jan-18 14:32:48.375 -06:00][ 3571: 3571][info ] DoKrispInitialize
[2026-Jan-18 14:32:48.678 -06:00][ 3571: 3571][info ] LoadDynamicKrisp
[2026-Jan-18 14:32:48.678 -06:00][ 3571: 3571][info ] Did not find KRISP_DYLIB_PATH, skipping dynamic loading
[2026-Jan-18 14:32:48.678 -06:00][ 3571: 3571][info ] Initializing Krisp SDK in PID 3571, addr 0x7f04e0bacf90
[2026-Jan-18 14:32:48.679 -06:00][ 3571: 3571][info ] Initialized Krisp SDK successfully
[2026-Jan-18 14:32:48.679 -06:00][ 3571: 3571][info ] Krisp SDK initialized
[2026-Jan-18 18:03:17.684 -06:00][155982:155982][info ] Logging initialized
[2026-Jan-18 18:03:17.684 -06:00][155982:155982][info ] Initializing krisp SDK...
[2026-Jan-18 18:03:17.684 -06:00][155982:155982][info ] DoKrispInitialize
[2026-Jan-18 18:03:17.994 -06:00][155982:155982][info ] LoadDynamicKrisp
[2026-Jan-18 18:03:17.994 -06:00][155982:155982][info ] Did not find KRISP_DYLIB_PATH, skipping dynamic loading
[2026-Jan-18 18:03:17.994 -06:00][155982:155982][info ] Initializing Krisp SDK in PID 155982, addr 0x7ff6cef6cf90
[2026-Jan-18 18:03:17.995 -06:00][155982:155982][info ] Initialized Krisp SDK successfully
[2026-Jan-18 18:03:17.995 -06:00][155982:155982][info ] Krisp SDK initialized
[2026-Jan-18 19:20:32.939 -06:00][10305:10305][info ] Logging initialized
[2026-Jan-18 19:20:32.939 -06:00][10305:10305][info ] Initializing krisp SDK...
[2026-Jan-18 19:20:32.939 -06:00][10305:10305][info ] DoKrispInitialize
[2026-Jan-18 19:20:33.242 -06:00][10305:10305][info ] LoadDynamicKrisp
[2026-Jan-18 19:20:33.242 -06:00][10305:10305][info ] Did not find KRISP_DYLIB_PATH, skipping dynamic loading
[2026-Jan-18 19:20:33.242 -06:00][10305:10305][info ] Initializing Krisp SDK in PID 10305, addr 0x7ff766eacf90
[2026-Jan-18 19:20:33.243 -06:00][10305:10305][info ] Initialized Krisp SDK successfully
[2026-Jan-18 19:20:33.243 -06:00][10305:10305][info ] Krisp SDK initialized
[2026-Jan-20 07:20:31.931 -06:00][16277:16277][info ] Logging initialized
[2026-Jan-20 07:20:31.931 -06:00][16277:16277][info ] Initializing krisp SDK...
[2026-Jan-20 07:20:31.931 -06:00][16277:16277][info ] DoKrispInitialize
[2026-Jan-20 07:20:32.244 -06:00][16277:16277][info ] LoadDynamicKrisp
[2026-Jan-20 07:20:32.244 -06:00][16277:16277][info ] Did not find KRISP_DYLIB_PATH, skipping dynamic loading
[2026-Jan-20 07:20:32.244 -06:00][16277:16277][info ] Initializing Krisp SDK in PID 16277, addr 0x7f9af4c6cf90
[2026-Jan-20 07:20:32.245 -06:00][16277:16277][info ] Initialized Krisp SDK successfully
[2026-Jan-20 07:20:32.245 -06:00][16277:16277][info ] Krisp SDK initialized
[2026-Jan-21 22:24:05.670 -06:00][217958:217958][info ] Logging initialized
[2026-Jan-21 22:24:05.670 -06:00][217958:217958][info ] Initializing krisp SDK...
[2026-Jan-21 22:24:05.670 -06:00][217958:217958][info ] DoKrispInitialize
[2026-Jan-21 22:24:05.970 -06:00][217958:217958][info ] LoadDynamicKrisp
[2026-Jan-21 22:24:05.970 -06:00][217958:217958][info ] Did not find KRISP_DYLIB_PATH, skipping dynamic loading
[2026-Jan-21 22:24:05.970 -06:00][217958:217958][info ] Initializing Krisp SDK in PID 217958, addr 0x7f855f57cf90
[2026-Jan-21 22:24:05.970 -06:00][217958:217958][info ] Initialized Krisp SDK successfully
[2026-Jan-21 22:24:05.970 -06:00][217958:217958][info ] Krisp SDK initialized
[2026-Jan-22 06:38:29.267 -06:00][10367:10367][info ] Logging initialized
[2026-Jan-22 06:38:29.267 -06:00][10367:10367][info ] Initializing krisp SDK...
[2026-Jan-22 06:38:29.267 -06:00][10367:10367][info ] DoKrispInitialize
[2026-Jan-22 06:38:29.575 -06:00][10367:10367][info ] LoadDynamicKrisp
[2026-Jan-22 06:38:29.575 -06:00][10367:10367][info ] Did not find KRISP_DYLIB_PATH, skipping dynamic loading
[2026-Jan-22 06:38:29.575 -06:00][10367:10367][info ] Initializing Krisp SDK in PID 10367, addr 0x7f809696cf90
[2026-Jan-22 06:38:29.576 -06:00][10367:10367][info ] Initialized Krisp SDK successfully
[2026-Jan-22 06:38:29.576 -06:00][10367:10367][info ] Krisp SDK initialized
[2026-Jan-22 16:55:52.736 -06:00][124794:124794][info ] Logging initialized
[2026-Jan-22 16:55:52.736 -06:00][124794:124794][info ] Initializing krisp SDK...
[2026-Jan-22 16:55:52.736 -06:00][124794:124794][info ] DoKrispInitialize
[2026-Jan-22 16:55:53.051 -06:00][124794:124794][info ] LoadDynamicKrisp
[2026-Jan-22 16:55:53.052 -06:00][124794:124794][info ] Did not find KRISP_DYLIB_PATH, skipping dynamic loading
[2026-Jan-22 16:55:53.052 -06:00][124794:124794][info ] Initializing Krisp SDK in PID 124794, addr 0x7f0c786acf90
[2026-Jan-22 16:55:53.052 -06:00][124794:124794][info ] Initialized Krisp SDK successfully
[2026-Jan-22 16:55:53.052 -06:00][124794:124794][info ] Krisp SDK initialized
[2026-Jan-22 20:27:32.949 -06:00][14359:14359][info ] Logging initialized
[2026-Jan-22 20:27:32.949 -06:00][14359:14359][info ] Initializing krisp SDK...
[2026-Jan-22 20:27:32.949 -06:00][14359:14359][info ] DoKrispInitialize
[2026-Jan-22 20:27:33.252 -06:00][14359:14359][info ] LoadDynamicKrisp
[2026-Jan-22 20:27:33.252 -06:00][14359:14359][info ] Did not find KRISP_DYLIB_PATH, skipping dynamic loading
[2026-Jan-22 20:27:33.252 -06:00][14359:14359][info ] Initializing Krisp SDK in PID 14359, addr 0x7f7a9d26cf90
[2026-Jan-22 20:27:33.253 -06:00][14359:14359][info ] Initialized Krisp SDK successfully
[2026-Jan-22 20:27:33.253 -06:00][14359:14359][info ] Krisp SDK initialized
[2026-Jan-23 06:55:15.011 -06:00][67433:67433][info ] Logging initialized
[2026-Jan-23 06:55:15.011 -06:00][67433:67433][info ] Initializing krisp SDK...
[2026-Jan-23 06:55:15.011 -06:00][67433:67433][info ] DoKrispInitialize
[2026-Jan-23 06:55:15.326 -06:00][67433:67433][info ] LoadDynamicKrisp
[2026-Jan-23 06:55:15.326 -06:00][67433:67433][info ] Did not find KRISP_DYLIB_PATH, skipping dynamic loading
[2026-Jan-23 06:55:15.326 -06:00][67433:67433][info ] Initializing Krisp SDK in PID 67433, addr 0x7fee21b6cf90
[2026-Jan-23 06:55:15.327 -06:00][67433:67433][info ] Initialized Krisp SDK successfully
[2026-Jan-23 06:55:15.327 -06:00][67433:67433][info ] Krisp SDK initialized
[2026-Jan-23 09:46:23.290 -06:00][347632:347632][info ] Logging initialized
[2026-Jan-23 09:46:23.290 -06:00][347632:347632][info ] Initializing krisp SDK...
[2026-Jan-23 09:46:23.290 -06:00][347632:347632][info ] DoKrispInitialize
[2026-Jan-23 09:46:23.591 -06:00][347632:347632][info ] LoadDynamicKrisp
[2026-Jan-23 09:46:23.591 -06:00][347632:347632][info ] Did not find KRISP_DYLIB_PATH, skipping dynamic loading
[2026-Jan-23 09:46:23.591 -06:00][347632:347632][info ] Initializing Krisp SDK in PID 347632, addr 0x7f7e3016cf90
[2026-Jan-23 09:46:23.591 -06:00][347632:347632][info ] Initialized Krisp SDK successfully
[2026-Jan-23 09:46:23.591 -06:00][347632:347632][info ] Krisp SDK initialized
[2026-Jan-23 14:58:41.697 -06:00][37352:37352][info ] Logging initialized
[2026-Jan-23 14:58:41.697 -06:00][37352:37352][info ] Initializing krisp SDK...
[2026-Jan-23 14:58:41.697 -06:00][37352:37352][info ] DoKrispInitialize
[2026-Jan-23 14:58:42.001 -06:00][37352:37352][info ] LoadDynamicKrisp
[2026-Jan-23 14:58:42.001 -06:00][37352:37352][info ] Did not find KRISP_DYLIB_PATH, skipping dynamic loading
[2026-Jan-23 14:58:42.001 -06:00][37352:37352][info ] Initializing Krisp SDK in PID 37352, addr 0x7f47fae6cf90
[2026-Jan-23 14:58:42.002 -06:00][37352:37352][info ] Initialized Krisp SDK successfully
[2026-Jan-23 14:58:42.002 -06:00][37352:37352][info ] Krisp SDK initialized
[2026-Jan-23 23:01:19.040 -06:00][13609:13609][info ] Logging initialized
[2026-Jan-23 23:01:19.040 -06:00][13609:13609][info ] Initializing krisp SDK...
[2026-Jan-23 23:01:19.040 -06:00][13609:13609][info ] DoKrispInitialize
[2026-Jan-23 23:01:19.348 -06:00][13609:13609][info ] LoadDynamicKrisp
[2026-Jan-23 23:01:19.348 -06:00][13609:13609][info ] Did not find KRISP_DYLIB_PATH, skipping dynamic loading
[2026-Jan-23 23:01:19.348 -06:00][13609:13609][info ] Initializing Krisp SDK in PID 13609, addr 0x7f4652e6cf90
[2026-Jan-23 23:01:19.349 -06:00][13609:13609][info ] Initialized Krisp SDK successfully
[2026-Jan-23 23:01:19.349 -06:00][13609:13609][info ] Krisp SDK initialized
[2026-Jan-24 10:54:37.799 -06:00][ 6103: 6103][info ] Logging initialized
[2026-Jan-24 10:54:37.799 -06:00][ 6103: 6103][info ] Initializing krisp SDK...
[2026-Jan-24 10:54:37.799 -06:00][ 6103: 6103][info ] DoKrispInitialize
[2026-Jan-24 10:54:38.108 -06:00][ 6103: 6103][info ] LoadDynamicKrisp
[2026-Jan-24 10:54:38.108 -06:00][ 6103: 6103][info ] Did not find KRISP_DYLIB_PATH, skipping dynamic loading
[2026-Jan-24 10:54:38.108 -06:00][ 6103: 6103][info ] Initializing Krisp SDK in PID 6103, addr 0x7f63a946cf90
[2026-Jan-24 10:54:38.109 -06:00][ 6103: 6103][info ] Initialized Krisp SDK successfully
[2026-Jan-24 10:54:38.109 -06:00][ 6103: 6103][info ] Krisp SDK initialized
[2026-Jan-24 16:21:03.248 -06:00][ 3378: 3378][info ] Logging initialized
[2026-Jan-24 16:21:03.248 -06:00][ 3378: 3378][info ] Initializing krisp SDK...
[2026-Jan-24 16:21:03.248 -06:00][ 3378: 3378][info ] DoKrispInitialize
[2026-Jan-24 16:21:03.549 -06:00][ 3378: 3378][info ] LoadDynamicKrisp
[2026-Jan-24 16:21:03.549 -06:00][ 3378: 3378][info ] Did not find KRISP_DYLIB_PATH, skipping dynamic loading
[2026-Jan-24 16:21:03.549 -06:00][ 3378: 3378][info ] Initializing Krisp SDK in PID 3378, addr 0x7ff4aea6cf90
[2026-Jan-24 16:21:03.550 -06:00][ 3378: 3378][info ] Initialized Krisp SDK successfully
[2026-Jan-24 16:21:03.550 -06:00][ 3378: 3378][info ] Krisp SDK initialized
[2026-Jan-24 23:08:38.396 -06:00][12502:12502][info ] Logging initialized
[2026-Jan-24 23:08:38.396 -06:00][12502:12502][info ] Initializing krisp SDK...
[2026-Jan-24 23:08:38.396 -06:00][12502:12502][info ] DoKrispInitialize
[2026-Jan-24 23:08:38.718 -06:00][12502:12502][info ] LoadDynamicKrisp
[2026-Jan-24 23:08:38.718 -06:00][12502:12502][info ] Did not find KRISP_DYLIB_PATH, skipping dynamic loading
[2026-Jan-24 23:08:38.718 -06:00][12502:12502][info ] Initializing Krisp SDK in PID 12502, addr 0x7f0950c6cf90
[2026-Jan-24 23:08:38.719 -06:00][12502:12502][info ] Initialized Krisp SDK successfully
[2026-Jan-24 23:08:38.719 -06:00][12502:12502][info ] Krisp SDK initialized
[2026-Jan-25 07:05:41.377 -06:00][ 9586: 9586][info ] Logging initialized
[2026-Jan-25 07:05:41.377 -06:00][ 9586: 9586][info ] Initializing krisp SDK...
[2026-Jan-25 07:05:41.377 -06:00][ 9586: 9586][info ] DoKrispInitialize
[2026-Jan-25 07:05:41.685 -06:00][ 9586: 9586][info ] LoadDynamicKrisp
[2026-Jan-25 07:05:41.685 -06:00][ 9586: 9586][info ] Did not find KRISP_DYLIB_PATH, skipping dynamic loading
[2026-Jan-25 07:05:41.685 -06:00][ 9586: 9586][info ] Initializing Krisp SDK in PID 9586, addr 0x7dcefd66cf90
[2026-Jan-25 07:05:41.686 -06:00][ 9586: 9586][info ] Initialized Krisp SDK successfully
[2026-Jan-25 07:05:41.686 -06:00][ 9586: 9586][info ] Krisp SDK initialized
[2026-Jan-25 12:41:10.258 -06:00][13688:13688][info ] Logging initialized
[2026-Jan-25 12:41:10.258 -06:00][13688:13688][info ] Initializing krisp SDK...
[2026-Jan-25 12:41:10.258 -06:00][13688:13688][info ] DoKrispInitialize
[2026-Jan-25 12:41:10.566 -06:00][13688:13688][info ] LoadDynamicKrisp
[2026-Jan-25 12:41:10.566 -06:00][13688:13688][info ] Did not find KRISP_DYLIB_PATH, skipping dynamic loading
[2026-Jan-25 12:41:10.566 -06:00][13688:13688][info ] Initializing Krisp SDK in PID 13688, addr 0x7f0e0c36cf90
[2026-Jan-25 12:41:10.567 -06:00][13688:13688][info ] Initialized Krisp SDK successfully
[2026-Jan-25 12:41:10.567 -06:00][13688:13688][info ] Krisp SDK initialized
[2026-Jan-25 16:34:44.353 -06:00][10149:10149][info ] Logging initialized
[2026-Jan-25 16:34:44.353 -06:00][10149:10149][info ] Initializing krisp SDK...
[2026-Jan-25 16:34:44.353 -06:00][10149:10149][info ] DoKrispInitialize
[2026-Jan-25 16:34:44.663 -06:00][10149:10149][info ] LoadDynamicKrisp
[2026-Jan-25 16:34:44.663 -06:00][10149:10149][info ] Did not find KRISP_DYLIB_PATH, skipping dynamic loading
[2026-Jan-25 16:34:44.663 -06:00][10149:10149][info ] Initializing Krisp SDK in PID 10149, addr 0x7ff27ed6cf90
[2026-Jan-25 16:34:44.664 -06:00][10149:10149][info ] Initialized Krisp SDK successfully
[2026-Jan-25 16:34:44.664 -06:00][10149:10149][info ] Krisp SDK initialized
[2026-Jan-25 19:31:15.006 -06:00][41846:41846][info ] Logging initialized
[2026-Jan-25 19:31:15.006 -06:00][41846:41846][info ] Initializing krisp SDK...
[2026-Jan-25 19:31:15.006 -06:00][41846:41846][info ] DoKrispInitialize
[2026-Jan-25 19:31:15.311 -06:00][41846:41846][info ] LoadDynamicKrisp
[2026-Jan-25 19:31:15.311 -06:00][41846:41846][info ] Did not find KRISP_DYLIB_PATH, skipping dynamic loading
[2026-Jan-25 19:31:15.311 -06:00][41846:41846][info ] Initializing Krisp SDK in PID 41846, addr 0x7fd599b6cf90
[2026-Jan-25 19:31:15.312 -06:00][41846:41846][info ] Initialized Krisp SDK successfully
[2026-Jan-25 19:31:15.312 -06:00][41846:41846][info ] Krisp SDK initialized
[2026-Jan-26 10:13:11.458 -06:00][58740:58740][info ] Logging initialized
[2026-Jan-26 10:13:11.458 -06:00][58740:58740][info ] Initializing krisp SDK...
[2026-Jan-26 10:13:11.458 -06:00][58740:58740][info ] DoKrispInitialize
[2026-Jan-26 10:13:11.756 -06:00][58740:58740][info ] LoadDynamicKrisp
[2026-Jan-26 10:13:11.756 -06:00][58740:58740][info ] Did not find KRISP_DYLIB_PATH, skipping dynamic loading
[2026-Jan-26 10:13:11.756 -06:00][58740:58740][info ] Initializing Krisp SDK in PID 58740, addr 0x7feca38acf90
[2026-Jan-26 10:13:11.758 -06:00][58740:58740][info ] Initialized Krisp SDK successfully
[2026-Jan-26 10:13:11.758 -06:00][58740:58740][info ] Krisp SDK initialized
[2026-Jan-26 17:28:56.479 -06:00][108641:108641][info ] Logging initialized
[2026-Jan-26 17:28:56.479 -06:00][108641:108641][info ] Initializing krisp SDK...
[2026-Jan-26 17:28:56.479 -06:00][108641:108641][info ] DoKrispInitialize
[2026-Jan-26 17:28:56.746 -06:00][108641:108641][info ] LoadDynamicKrisp
[2026-Jan-26 17:28:56.746 -06:00][108641:108641][info ] Did not find KRISP_DYLIB_PATH, skipping dynamic loading
[2026-Jan-26 17:28:56.746 -06:00][108641:108641][info ] Initializing Krisp SDK in PID 108641, addr 0x7f4dbb40cf90
[2026-Jan-26 17:28:56.747 -06:00][108641:108641][info ] Initialized Krisp SDK successfully
[2026-Jan-26 17:28:56.747 -06:00][108641:108641][info ] Krisp SDK initialized
[2026-Jan-26 21:41:12.391 -06:00][93258:93258][info ] Logging initialized
[2026-Jan-26 21:41:12.391 -06:00][93258:93258][info ] Initializing krisp SDK...
[2026-Jan-26 21:41:12.391 -06:00][93258:93258][info ] DoKrispInitialize
[2026-Jan-26 21:41:12.712 -06:00][93258:93258][info ] LoadDynamicKrisp
[2026-Jan-26 21:41:12.712 -06:00][93258:93258][info ] Did not find KRISP_DYLIB_PATH, skipping dynamic loading
[2026-Jan-26 21:41:12.712 -06:00][93258:93258][info ] Initializing Krisp SDK in PID 93258, addr 0x7fc37f46cf90
[2026-Jan-26 21:41:12.713 -06:00][93258:93258][info ] Initialized Krisp SDK successfully
[2026-Jan-26 21:41:12.713 -06:00][93258:93258][info ] Krisp SDK initialized
[2026-Jan-28 08:29:53.544 -06:00][ 4385: 4385][info ] Logging initialized
[2026-Jan-28 08:29:53.544 -06:00][ 4385: 4385][info ] Initializing krisp SDK...
[2026-Jan-28 08:29:53.544 -06:00][ 4385: 4385][info ] DoKrispInitialize
[2026-Jan-28 08:29:53.848 -06:00][ 4385: 4385][info ] LoadDynamicKrisp
[2026-Jan-28 08:29:53.848 -06:00][ 4385: 4385][info ] Did not find KRISP_DYLIB_PATH, skipping dynamic loading
[2026-Jan-28 08:29:53.848 -06:00][ 4385: 4385][info ] Initializing Krisp SDK in PID 4385, addr 0x7fbea727cf90
[2026-Jan-28 08:29:53.849 -06:00][ 4385: 4385][info ] Initialized Krisp SDK successfully
[2026-Jan-28 08:29:53.849 -06:00][ 4385: 4385][info ] Krisp SDK initialized
[2026-Jan-28 16:41:58.615 -06:00][ 4861: 4861][info ] Logging initialized
[2026-Jan-28 16:41:58.615 -06:00][ 4861: 4861][info ] Initializing krisp SDK...
[2026-Jan-28 16:41:58.615 -06:00][ 4861: 4861][info ] DoKrispInitialize
[2026-Jan-28 16:41:58.914 -06:00][ 4861: 4861][info ] LoadDynamicKrisp
[2026-Jan-28 16:41:58.914 -06:00][ 4861: 4861][info ] Did not find KRISP_DYLIB_PATH, skipping dynamic loading
[2026-Jan-28 16:41:58.914 -06:00][ 4861: 4861][info ] Initializing Krisp SDK in PID 4861, addr 0x7fbc7de7cf90
[2026-Jan-28 16:41:58.915 -06:00][ 4861: 4861][info ] Initialized Krisp SDK successfully
[2026-Jan-28 16:41:58.915 -06:00][ 4861: 4861][info ] Krisp SDK initialized
[2026-Jan-29 11:42:56.663 -06:00][506186:506186][info ] Logging initialized
[2026-Jan-29 11:42:56.663 -06:00][506186:506186][info ] Initializing krisp SDK...
[2026-Jan-29 11:42:56.663 -06:00][506186:506186][info ] DoKrispInitialize
[2026-Jan-29 11:42:56.969 -06:00][506186:506186][info ] LoadDynamicKrisp
[2026-Jan-29 11:42:56.969 -06:00][506186:506186][info ] Did not find KRISP_DYLIB_PATH, skipping dynamic loading
[2026-Jan-29 11:42:56.969 -06:00][506186:506186][info ] Initializing Krisp SDK in PID 506186, addr 0x7fb10f6acf90
[2026-Jan-29 11:42:56.970 -06:00][506186:506186][info ] Initialized Krisp SDK successfully
[2026-Jan-29 11:42:56.970 -06:00][506186:506186][info ] Krisp SDK initialized
[2026-Jan-29 17:52:33.037 -06:00][253277:253277][info ] Logging initialized
[2026-Jan-29 17:52:33.037 -06:00][253277:253277][info ] Initializing krisp SDK...
[2026-Jan-29 17:52:33.037 -06:00][253277:253277][info ] DoKrispInitialize
[2026-Jan-29 17:52:33.350 -06:00][253277:253277][info ] LoadDynamicKrisp
[2026-Jan-29 17:52:33.350 -06:00][253277:253277][info ] Did not find KRISP_DYLIB_PATH, skipping dynamic loading
[2026-Jan-29 17:52:33.350 -06:00][253277:253277][info ] Initializing Krisp SDK in PID 253277, addr 0x7fb13d2acf90
[2026-Jan-29 17:52:33.351 -06:00][253277:253277][info ] Initialized Krisp SDK successfully
[2026-Jan-29 17:52:33.351 -06:00][253277:253277][info ] Krisp SDK initialized
[2026-Jan-29 22:50:37.824 -06:00][140623:140623][info ] Logging initialized
[2026-Jan-29 22:50:37.824 -06:00][140623:140623][info ] Initializing krisp SDK...
[2026-Jan-29 22:50:37.824 -06:00][140623:140623][info ] DoKrispInitialize
[2026-Jan-29 22:50:38.138 -06:00][140623:140623][info ] LoadDynamicKrisp
[2026-Jan-29 22:50:38.138 -06:00][140623:140623][info ] Did not find KRISP_DYLIB_PATH, skipping dynamic loading
[2026-Jan-29 22:50:38.138 -06:00][140623:140623][info ] Initializing Krisp SDK in PID 140623, addr 0x7f3af946cf90
[2026-Jan-29 22:50:38.139 -06:00][140623:140623][info ] Initialized Krisp SDK successfully
[2026-Jan-29 22:50:38.139 -06:00][140623:140623][info ] Krisp SDK initialized
[2026-Jan-30 16:40:38.472 -06:00][ 7303: 7303][info ] Logging initialized
[2026-Jan-30 16:40:38.472 -06:00][ 7303: 7303][info ] Initializing krisp SDK...
[2026-Jan-30 16:40:38.472 -06:00][ 7303: 7303][info ] DoKrispInitialize
[2026-Jan-30 16:40:38.779 -06:00][ 7303: 7303][info ] LoadDynamicKrisp
[2026-Jan-30 16:40:38.779 -06:00][ 7303: 7303][info ] Did not find KRISP_DYLIB_PATH, skipping dynamic loading
[2026-Jan-30 16:40:38.779 -06:00][ 7303: 7303][info ] Initializing Krisp SDK in PID 7303, addr 0x7f765ccfcf90
[2026-Jan-30 16:40:38.780 -06:00][ 7303: 7303][info ] Initialized Krisp SDK successfully
[2026-Jan-30 16:40:38.780 -06:00][ 7303: 7303][info ] Krisp SDK initialized
[2026-Jan-30 18:26:36.046 -06:00][24078:24078][info ] Logging initialized
[2026-Jan-30 18:26:36.046 -06:00][24078:24078][info ] Initializing krisp SDK...
[2026-Jan-30 18:26:36.046 -06:00][24078:24078][info ] DoKrispInitialize
[2026-Jan-30 18:26:36.357 -06:00][24078:24078][info ] LoadDynamicKrisp
[2026-Jan-30 18:26:36.357 -06:00][24078:24078][info ] Did not find KRISP_DYLIB_PATH, skipping dynamic loading
[2026-Jan-30 18:26:36.357 -06:00][24078:24078][info ] Initializing Krisp SDK in PID 24078, addr 0x7f81c8eacf90
[2026-Jan-30 18:26:36.358 -06:00][24078:24078][info ] Initialized Krisp SDK successfully
[2026-Jan-30 18:26:36.358 -06:00][24078:24078][info ] Krisp SDK initialized
[2026-Jan-31 09:03:13.193 -06:00][125492:125492][info ] Logging initialized
[2026-Jan-31 09:03:13.193 -06:00][125492:125492][info ] Initializing krisp SDK...
[2026-Jan-31 09:03:13.193 -06:00][125492:125492][info ] DoKrispInitialize
[2026-Jan-31 09:03:13.517 -06:00][125492:125492][info ] LoadDynamicKrisp
[2026-Jan-31 09:03:13.517 -06:00][125492:125492][info ] Did not find KRISP_DYLIB_PATH, skipping dynamic loading
[2026-Jan-31 09:03:13.517 -06:00][125492:125492][info ] Initializing Krisp SDK in PID 125492, addr 0x7ff13ecacf90
[2026-Jan-31 09:03:13.518 -06:00][125492:125492][info ] Initialized Krisp SDK successfully
[2026-Jan-31 09:03:13.518 -06:00][125492:125492][info ] Krisp SDK initialized
[2026-Jan-31 16:41:05.727 -06:00][ 2119: 2119][info ] Logging initialized
[2026-Jan-31 16:41:05.728 -06:00][ 2119: 2119][info ] Initializing krisp SDK...
[2026-Jan-31 16:41:05.728 -06:00][ 2119: 2119][info ] DoKrispInitialize
[2026-Jan-31 16:41:06.025 -06:00][ 2119: 2119][info ] LoadDynamicKrisp
[2026-Jan-31 16:41:06.025 -06:00][ 2119: 2119][info ] Did not find KRISP_DYLIB_PATH, skipping dynamic loading
[2026-Jan-31 16:41:06.025 -06:00][ 2119: 2119][info ] Initializing Krisp SDK in PID 2119, addr 0x7f98ec4acf90
[2026-Jan-31 16:41:06.026 -06:00][ 2119: 2119][info ] Initialized Krisp SDK successfully
[2026-Jan-31 16:41:06.026 -06:00][ 2119: 2119][info ] Krisp SDK initialized
[2026-Feb-03 21:45:35.426 -06:00][16156:16156][info ] Logging initialized
[2026-Feb-03 21:45:35.426 -06:00][16156:16156][info ] Initializing krisp SDK...
[2026-Feb-03 21:45:35.426 -06:00][16156:16156][info ] DoKrispInitialize
[2026-Feb-03 21:45:35.721 -06:00][16156:16156][info ] LoadDynamicKrisp
[2026-Feb-03 21:45:35.721 -06:00][16156:16156][info ] Did not find KRISP_DYLIB_PATH, skipping dynamic loading
[2026-Feb-03 21:45:35.721 -06:00][16156:16156][info ] Initializing Krisp SDK in PID 16156, addr 0x7fb4ef77cf90
[2026-Feb-03 21:45:35.721 -06:00][16156:16156][info ] Initialized Krisp SDK successfully
[2026-Feb-03 21:45:35.721 -06:00][16156:16156][info ] Krisp SDK initialized
[2026-Feb-04 09:22:43.081 -06:00][ 3246: 3246][info ] Logging initialized
[2026-Feb-04 09:22:43.081 -06:00][ 3246: 3246][info ] Initializing krisp SDK...
[2026-Feb-04 09:22:43.081 -06:00][ 3246: 3246][info ] DoKrispInitialize
[2026-Feb-04 09:22:43.381 -06:00][ 3246: 3246][info ] LoadDynamicKrisp
[2026-Feb-04 09:22:43.381 -06:00][ 3246: 3246][info ] Did not find KRISP_DYLIB_PATH, skipping dynamic loading
[2026-Feb-04 09:22:43.381 -06:00][ 3246: 3246][info ] Initializing Krisp SDK in PID 3246, addr 0x7fd2c76acf90
[2026-Feb-04 09:22:43.382 -06:00][ 3246: 3246][info ] Initialized Krisp SDK successfully
[2026-Feb-04 09:22:43.382 -06:00][ 3246: 3246][info ] Krisp SDK initialized
[2026-Feb-04 11:41:10.527 -06:00][ 4453: 4453][info ] Logging initialized
[2026-Feb-04 11:41:10.527 -06:00][ 4453: 4453][info ] Initializing krisp SDK...
[2026-Feb-04 11:41:10.527 -06:00][ 4453: 4453][info ] DoKrispInitialize
[2026-Feb-04 11:41:10.831 -06:00][ 4453: 4453][info ] LoadDynamicKrisp
[2026-Feb-04 11:41:10.832 -06:00][ 4453: 4453][info ] Did not find KRISP_DYLIB_PATH, skipping dynamic loading
[2026-Feb-04 11:41:10.832 -06:00][ 4453: 4453][info ] Initializing Krisp SDK in PID 4453, addr 0x7f05f83acf90
[2026-Feb-04 11:41:10.832 -06:00][ 4453: 4453][info ] Initialized Krisp SDK successfully
[2026-Feb-04 11:41:10.832 -06:00][ 4453: 4453][info ] Krisp SDK initialized
[2026-Feb-04 13:00:27.278 -06:00][ 4029: 4029][info ] Logging initialized
[2026-Feb-04 13:00:27.278 -06:00][ 4029: 4029][info ] Initializing krisp SDK...
[2026-Feb-04 13:00:27.278 -06:00][ 4029: 4029][info ] DoKrispInitialize
[2026-Feb-04 13:00:27.575 -06:00][ 4029: 4029][info ] LoadDynamicKrisp
[2026-Feb-04 13:00:27.575 -06:00][ 4029: 4029][info ] Did not find KRISP_DYLIB_PATH, skipping dynamic loading
[2026-Feb-04 13:00:27.575 -06:00][ 4029: 4029][info ] Initializing Krisp SDK in PID 4029, addr 0x7f7ccb56cf90
[2026-Feb-04 13:00:27.576 -06:00][ 4029: 4029][info ] Initialized Krisp SDK successfully
[2026-Feb-04 13:00:27.576 -06:00][ 4029: 4029][info ] Krisp SDK initialized
[2026-Feb-04 14:56:55.322 -06:00][ 3513: 3513][info ] Logging initialized
[2026-Feb-04 14:56:55.322 -06:00][ 3513: 3513][info ] Initializing krisp SDK...
[2026-Feb-04 14:56:55.322 -06:00][ 3513: 3513][info ] DoKrispInitialize
[2026-Feb-04 14:56:55.624 -06:00][ 3513: 3513][info ] LoadDynamicKrisp
[2026-Feb-04 14:56:55.624 -06:00][ 3513: 3513][info ] Did not find KRISP_DYLIB_PATH, skipping dynamic loading
[2026-Feb-04 14:56:55.624 -06:00][ 3513: 3513][info ] Initializing Krisp SDK in PID 3513, addr 0x7fd54376cf90
[2026-Feb-04 14:56:55.625 -06:00][ 3513: 3513][info ] Initialized Krisp SDK successfully
[2026-Feb-04 14:56:55.625 -06:00][ 3513: 3513][info ] Krisp SDK initialized
[2026-Feb-04 16:37:55.633 -06:00][79571:79571][info ] Logging initialized
[2026-Feb-04 16:37:55.633 -06:00][79571:79571][info ] Initializing krisp SDK...
[2026-Feb-04 16:37:55.633 -06:00][79571:79571][info ] DoKrispInitialize
[2026-Feb-04 16:37:55.941 -06:00][79571:79571][info ] LoadDynamicKrisp
[2026-Feb-04 16:37:55.941 -06:00][79571:79571][info ] Did not find KRISP_DYLIB_PATH, skipping dynamic loading
[2026-Feb-04 16:37:55.941 -06:00][79571:79571][info ] Initializing Krisp SDK in PID 79571, addr 0x7fe39c96cf90
[2026-Feb-04 16:37:55.942 -06:00][79571:79571][info ] Initialized Krisp SDK successfully
[2026-Feb-04 16:37:55.942 -06:00][79571:79571][info ] Krisp SDK initialized
[2026-Feb-04 19:17:38.457 -06:00][ 5830: 5830][info ] Logging initialized
[2026-Feb-04 19:17:38.457 -06:00][ 5830: 5830][info ] Initializing krisp SDK...
[2026-Feb-04 19:17:38.457 -06:00][ 5830: 5830][info ] DoKrispInitialize
[2026-Feb-04 19:17:38.755 -06:00][ 5830: 5830][info ] LoadDynamicKrisp
[2026-Feb-04 19:17:38.755 -06:00][ 5830: 5830][info ] Did not find KRISP_DYLIB_PATH, skipping dynamic loading
[2026-Feb-04 19:17:38.755 -06:00][ 5830: 5830][info ] Initializing Krisp SDK in PID 5830, addr 0x7f452fd6cf90
[2026-Feb-04 19:17:38.756 -06:00][ 5830: 5830][info ] Initialized Krisp SDK successfully
[2026-Feb-04 19:17:38.756 -06:00][ 5830: 5830][info ] Krisp SDK initialized
[2026-Feb-04 20:48:50.753 -06:00][61563:61563][info ] Logging initialized
[2026-Feb-04 20:48:50.754 -06:00][61563:61563][info ] Initializing krisp SDK...
[2026-Feb-04 20:48:50.754 -06:00][61563:61563][info ] DoKrispInitialize
[2026-Feb-04 20:48:51.065 -06:00][61563:61563][info ] LoadDynamicKrisp
[2026-Feb-04 20:48:51.065 -06:00][61563:61563][info ] Did not find KRISP_DYLIB_PATH, skipping dynamic loading
[2026-Feb-04 20:48:51.065 -06:00][61563:61563][info ] Initializing Krisp SDK in PID 61563, addr 0x7fdac8d6cf90
[2026-Feb-04 20:48:51.066 -06:00][61563:61563][info ] Initialized Krisp SDK successfully
[2026-Feb-04 20:48:51.066 -06:00][61563:61563][info ] Krisp SDK initialized
[2026-Feb-05 08:04:05.705 -06:00][ 3581: 3581][info ] Logging initialized
[2026-Feb-05 08:04:05.705 -06:00][ 3581: 3581][info ] Initializing krisp SDK...
[2026-Feb-05 08:04:05.705 -06:00][ 3581: 3581][info ] DoKrispInitialize
[2026-Feb-05 08:04:06.002 -06:00][ 3581: 3581][info ] LoadDynamicKrisp
[2026-Feb-05 08:04:06.002 -06:00][ 3581: 3581][info ] Did not find KRISP_DYLIB_PATH, skipping dynamic loading
[2026-Feb-05 08:04:06.002 -06:00][ 3581: 3581][info ] Initializing Krisp SDK in PID 3581, addr 0x7fece806cf90
[2026-Feb-05 08:04:06.003 -06:00][ 3581: 3581][info ] Initialized Krisp SDK successfully
[2026-Feb-05 08:04:06.003 -06:00][ 3581: 3581][info ] Krisp SDK initialized
[2026-Feb-05 16:28:31.564 -06:00][ 2091: 2091][info ] Logging initialized
[2026-Feb-05 16:28:31.564 -06:00][ 2091: 2091][info ] Initializing krisp SDK...
[2026-Feb-05 16:28:31.564 -06:00][ 2091: 2091][info ] DoKrispInitialize
[2026-Feb-05 16:28:31.862 -06:00][ 2091: 2091][info ] LoadDynamicKrisp
[2026-Feb-05 16:28:31.862 -06:00][ 2091: 2091][info ] Did not find KRISP_DYLIB_PATH, skipping dynamic loading
[2026-Feb-05 16:28:31.862 -06:00][ 2091: 2091][info ] Initializing Krisp SDK in PID 2091, addr 0x7fda367acf90
[2026-Feb-05 16:28:31.863 -06:00][ 2091: 2091][info ] Initialized Krisp SDK successfully
[2026-Feb-05 16:28:31.863 -06:00][ 2091: 2091][info ] Krisp SDK initialized
[2026-Feb-05 18:13:21.690 -06:00][ 4098: 4098][info ] Logging initialized
[2026-Feb-05 18:13:21.690 -06:00][ 4098: 4098][info ] Initializing krisp SDK...
[2026-Feb-05 18:13:21.690 -06:00][ 4098: 4098][info ] DoKrispInitialize
[2026-Feb-05 18:13:22.015 -06:00][ 4098: 4098][info ] LoadDynamicKrisp
[2026-Feb-05 18:13:22.015 -06:00][ 4098: 4098][info ] Did not find KRISP_DYLIB_PATH, skipping dynamic loading
[2026-Feb-05 18:13:22.015 -06:00][ 4098: 4098][info ] Initializing Krisp SDK in PID 4098, addr 0x7f2c0c6acf90
[2026-Feb-05 18:13:22.016 -06:00][ 4098: 4098][info ] Initialized Krisp SDK successfully
[2026-Feb-05 18:13:22.016 -06:00][ 4098: 4098][info ] Krisp SDK initialized
[2026-Feb-05 19:57:39.421 -06:00][ 7353: 7353][info ] Logging initialized
[2026-Feb-05 19:57:39.421 -06:00][ 7353: 7353][info ] Initializing krisp SDK...
[2026-Feb-05 19:57:39.421 -06:00][ 7353: 7353][info ] DoKrispInitialize
[2026-Feb-05 19:57:39.717 -06:00][ 7353: 7353][info ] LoadDynamicKrisp
[2026-Feb-05 19:57:39.717 -06:00][ 7353: 7353][info ] Did not find KRISP_DYLIB_PATH, skipping dynamic loading
[2026-Feb-05 19:57:39.717 -06:00][ 7353: 7353][info ] Initializing Krisp SDK in PID 7353, addr 0x7f402176cf90
[2026-Feb-05 19:57:39.718 -06:00][ 7353: 7353][info ] Initialized Krisp SDK successfully
[2026-Feb-05 19:57:39.718 -06:00][ 7353: 7353][info ] Krisp SDK initialized
[2026-Feb-06 14:31:50.483 -06:00][23645:23645][info ] Logging initialized
[2026-Feb-06 14:31:50.483 -06:00][23645:23645][info ] Initializing krisp SDK...
[2026-Feb-06 14:31:50.483 -06:00][23645:23645][info ] DoKrispInitialize
[2026-Feb-06 14:31:50.793 -06:00][23645:23645][info ] LoadDynamicKrisp
[2026-Feb-06 14:31:50.793 -06:00][23645:23645][info ] Did not find KRISP_DYLIB_PATH, skipping dynamic loading
[2026-Feb-06 14:31:50.793 -06:00][23645:23645][info ] Initializing Krisp SDK in PID 23645, addr 0x7fb8c34fcf90
[2026-Feb-06 14:31:50.794 -06:00][23645:23645][info ] Initialized Krisp SDK successfully
[2026-Feb-06 14:31:50.794 -06:00][23645:23645][info ] Krisp SDK initialized
[2026-Feb-06 17:00:42.862 -06:00][21170:21170][info ] Logging initialized
[2026-Feb-06 17:00:42.862 -06:00][21170:21170][info ] Initializing krisp SDK...
[2026-Feb-06 17:00:42.862 -06:00][21170:21170][info ] DoKrispInitialize
[2026-Feb-06 17:00:43.178 -06:00][21170:21170][info ] LoadDynamicKrisp
[2026-Feb-06 17:00:43.178 -06:00][21170:21170][info ] Did not find KRISP_DYLIB_PATH, skipping dynamic loading
[2026-Feb-06 17:00:43.178 -06:00][21170:21170][info ] Initializing Krisp SDK in PID 21170, addr 0x7fa37f7acf90
[2026-Feb-06 17:00:43.179 -06:00][21170:21170][info ] Initialized Krisp SDK successfully
[2026-Feb-06 17:00:43.179 -06:00][21170:21170][info ] Krisp SDK initialized
[2026-Feb-06 19:02:04.659 -06:00][66966:66966][info ] Logging initialized
[2026-Feb-06 19:02:04.659 -06:00][66966:66966][info ] Initializing krisp SDK...
[2026-Feb-06 19:02:04.659 -06:00][66966:66966][info ] DoKrispInitialize
[2026-Feb-06 19:02:04.979 -06:00][66966:66966][info ] LoadDynamicKrisp
[2026-Feb-06 19:02:04.979 -06:00][66966:66966][info ] Did not find KRISP_DYLIB_PATH, skipping dynamic loading
[2026-Feb-06 19:02:04.979 -06:00][66966:66966][info ] Initializing Krisp SDK in PID 66966, addr 0x7f0b2ab6cf90
[2026-Feb-06 19:02:04.979 -06:00][66966:66966][info ] Initialized Krisp SDK successfully
[2026-Feb-06 19:02:04.979 -06:00][66966:66966][info ] Krisp SDK initialized
[2026-Feb-06 21:58:45.937 -06:00][73724:73724][info ] Logging initialized
[2026-Feb-06 21:58:45.937 -06:00][73724:73724][info ] Initializing krisp SDK...
[2026-Feb-06 21:58:45.937 -06:00][73724:73724][info ] DoKrispInitialize
[2026-Feb-06 21:58:46.251 -06:00][73724:73724][info ] LoadDynamicKrisp
[2026-Feb-06 21:58:46.251 -06:00][73724:73724][info ] Did not find KRISP_DYLIB_PATH, skipping dynamic loading
[2026-Feb-06 21:58:46.251 -06:00][73724:73724][info ] Initializing Krisp SDK in PID 73724, addr 0x7f7747d6cf90
[2026-Feb-06 21:58:46.252 -06:00][73724:73724][info ] Initialized Krisp SDK successfully
[2026-Feb-06 21:58:46.252 -06:00][73724:73724][info ] Krisp SDK initialized
[2026-Feb-06 23:15:07.333 -06:00][107902:107902][info ] Logging initialized
[2026-Feb-06 23:15:07.333 -06:00][107902:107902][info ] Initializing krisp SDK...
[2026-Feb-06 23:15:07.333 -06:00][107902:107902][info ] DoKrispInitialize
[2026-Feb-06 23:15:07.645 -06:00][107902:107902][info ] LoadDynamicKrisp
[2026-Feb-06 23:15:07.645 -06:00][107902:107902][info ] Did not find KRISP_DYLIB_PATH, skipping dynamic loading
[2026-Feb-06 23:15:07.645 -06:00][107902:107902][info ] Initializing Krisp SDK in PID 107902, addr 0x7f05787acf90
[2026-Feb-06 23:15:07.646 -06:00][107902:107902][info ] Initialized Krisp SDK successfully
[2026-Feb-06 23:15:07.646 -06:00][107902:107902][info ] Krisp SDK initialized
[2026-Feb-07 06:56:58.210 -06:00][ 2494: 2494][info ] Logging initialized
[2026-Feb-07 06:56:58.210 -06:00][ 2494: 2494][info ] Initializing krisp SDK...
[2026-Feb-07 06:56:58.210 -06:00][ 2494: 2494][info ] DoKrispInitialize
[2026-Feb-07 06:56:58.519 -06:00][ 2494: 2494][info ] LoadDynamicKrisp
[2026-Feb-07 06:56:58.519 -06:00][ 2494: 2494][info ] Did not find KRISP_DYLIB_PATH, skipping dynamic loading
[2026-Feb-07 06:56:58.519 -06:00][ 2494: 2494][info ] Initializing Krisp SDK in PID 2494, addr 0x7fb3023acf90
[2026-Feb-07 06:56:58.520 -06:00][ 2494: 2494][info ] Initialized Krisp SDK successfully
[2026-Feb-07 06:56:58.520 -06:00][ 2494: 2494][info ] Krisp SDK initialized
[2026-Feb-07 13:52:12.450 -06:00][ 4051: 4051][info ] Logging initialized
[2026-Feb-07 13:52:12.450 -06:00][ 4051: 4051][info ] Initializing krisp SDK...
[2026-Feb-07 13:52:12.450 -06:00][ 4051: 4051][info ] DoKrispInitialize
[2026-Feb-07 13:52:12.753 -06:00][ 4051: 4051][info ] LoadDynamicKrisp
[2026-Feb-07 13:52:12.753 -06:00][ 4051: 4051][info ] Did not find KRISP_DYLIB_PATH, skipping dynamic loading
[2026-Feb-07 13:52:12.753 -06:00][ 4051: 4051][info ] Initializing Krisp SDK in PID 4051, addr 0x7e82fbd6cf90
[2026-Feb-07 13:52:12.754 -06:00][ 4051: 4051][info ] Initialized Krisp SDK successfully
[2026-Feb-07 13:52:12.754 -06:00][ 4051: 4051][info ] Krisp SDK initialized
[2026-Feb-07 15:00:51.480 -06:00][95060:95060][info ] Logging initialized
[2026-Feb-07 15:00:51.480 -06:00][95060:95060][info ] Initializing krisp SDK...
[2026-Feb-07 15:00:51.480 -06:00][95060:95060][info ] DoKrispInitialize
[2026-Feb-07 15:00:51.799 -06:00][95060:95060][info ] LoadDynamicKrisp
[2026-Feb-07 15:00:51.799 -06:00][95060:95060][info ] Did not find KRISP_DYLIB_PATH, skipping dynamic loading
[2026-Feb-07 15:00:51.799 -06:00][95060:95060][info ] Initializing Krisp SDK in PID 95060, addr 0x7f806c6acf90
[2026-Feb-07 15:00:51.800 -06:00][95060:95060][info ] Initialized Krisp SDK successfully
[2026-Feb-07 15:00:51.800 -06:00][95060:95060][info ] Krisp SDK initialized
[2026-Feb-07 17:42:10.196 -06:00][54422:54422][info ] Logging initialized
[2026-Feb-07 17:42:10.196 -06:00][54422:54422][info ] Initializing krisp SDK...
[2026-Feb-07 17:42:10.196 -06:00][54422:54422][info ] DoKrispInitialize
[2026-Feb-07 17:42:10.507 -06:00][54422:54422][info ] LoadDynamicKrisp
[2026-Feb-07 17:42:10.507 -06:00][54422:54422][info ] Did not find KRISP_DYLIB_PATH, skipping dynamic loading
[2026-Feb-07 17:42:10.507 -06:00][54422:54422][info ] Initializing Krisp SDK in PID 54422, addr 0x7efbb49acf90
[2026-Feb-07 17:42:10.508 -06:00][54422:54422][info ] Initialized Krisp SDK successfully
[2026-Feb-07 17:42:10.508 -06:00][54422:54422][info ] Krisp SDK initialized
[2026-Feb-07 20:48:02.619 -06:00][ 2211: 2211][info ] Logging initialized
[2026-Feb-07 20:48:02.619 -06:00][ 2211: 2211][info ] Initializing krisp SDK...
[2026-Feb-07 20:48:02.619 -06:00][ 2211: 2211][info ] DoKrispInitialize
[2026-Feb-07 20:48:02.913 -06:00][ 2211: 2211][info ] LoadDynamicKrisp
[2026-Feb-07 20:48:02.913 -06:00][ 2211: 2211][info ] Did not find KRISP_DYLIB_PATH, skipping dynamic loading
[2026-Feb-07 20:48:02.913 -06:00][ 2211: 2211][info ] Initializing Krisp SDK in PID 2211, addr 0x7f545b16cf90
[2026-Feb-07 20:48:02.914 -06:00][ 2211: 2211][info ] Initialized Krisp SDK successfully
[2026-Feb-07 20:48:02.914 -06:00][ 2211: 2211][info ] Krisp SDK initialized
[2026-Feb-08 09:31:52.280 -06:00][384324:384324][info ] Logging initialized
[2026-Feb-08 09:31:52.280 -06:00][384324:384324][info ] Initializing krisp SDK...
[2026-Feb-08 09:31:52.280 -06:00][384324:384324][info ] DoKrispInitialize
[2026-Feb-08 09:31:52.598 -06:00][384324:384324][info ] LoadDynamicKrisp
[2026-Feb-08 09:31:52.598 -06:00][384324:384324][info ] Did not find KRISP_DYLIB_PATH, skipping dynamic loading
[2026-Feb-08 09:31:52.598 -06:00][384324:384324][info ] Initializing Krisp SDK in PID 384324, addr 0x7fa14e8acf90
[2026-Feb-08 09:31:52.599 -06:00][384324:384324][info ] Initialized Krisp SDK successfully
[2026-Feb-08 09:31:52.599 -06:00][384324:384324][info ] Krisp SDK initialized
[2026-Feb-08 11:29:02.179 -06:00][ 4503: 4503][info ] Logging initialized
[2026-Feb-08 11:29:02.179 -06:00][ 4503: 4503][info ] Initializing krisp SDK...
[2026-Feb-08 11:29:02.179 -06:00][ 4503: 4503][info ] DoKrispInitialize
[2026-Feb-08 11:29:02.477 -06:00][ 4503: 4503][info ] LoadDynamicKrisp
[2026-Feb-08 11:29:02.477 -06:00][ 4503: 4503][info ] Did not find KRISP_DYLIB_PATH, skipping dynamic loading
[2026-Feb-08 11:29:02.477 -06:00][ 4503: 4503][info ] Initializing Krisp SDK in PID 4503, addr 0x7ff4243acf90
[2026-Feb-08 11:29:02.478 -06:00][ 4503: 4503][info ] Initialized Krisp SDK successfully
[2026-Feb-08 11:29:02.478 -06:00][ 4503: 4503][info ] Krisp SDK initialized
[2026-Feb-08 13:08:38.907 -06:00][82659:82659][info ] Logging initialized
[2026-Feb-08 13:08:38.907 -06:00][82659:82659][info ] Initializing krisp SDK...
[2026-Feb-08 13:08:38.907 -06:00][82659:82659][info ] DoKrispInitialize
[2026-Feb-08 13:08:39.214 -06:00][82659:82659][info ] LoadDynamicKrisp
[2026-Feb-08 13:08:39.214 -06:00][82659:82659][info ] Did not find KRISP_DYLIB_PATH, skipping dynamic loading
[2026-Feb-08 13:08:39.214 -06:00][82659:82659][info ] Initializing Krisp SDK in PID 82659, addr 0x7fd15c0acf90
[2026-Feb-08 13:08:39.215 -06:00][82659:82659][info ] Initialized Krisp SDK successfully
[2026-Feb-08 13:08:39.215 -06:00][82659:82659][info ] Krisp SDK initialized
[2026-Feb-08 13:19:47.422 -06:00][ 6554: 6554][info ] Logging initialized
[2026-Feb-08 13:19:47.422 -06:00][ 6554: 6554][info ] Initializing krisp SDK...
[2026-Feb-08 13:19:47.422 -06:00][ 6554: 6554][info ] DoKrispInitialize
[2026-Feb-08 13:19:47.735 -06:00][ 6554: 6554][info ] LoadDynamicKrisp
[2026-Feb-08 13:19:47.735 -06:00][ 6554: 6554][info ] Did not find KRISP_DYLIB_PATH, skipping dynamic loading
[2026-Feb-08 13:19:47.735 -06:00][ 6554: 6554][info ] Initializing Krisp SDK in PID 6554, addr 0x7f4bd6d6cf90
[2026-Feb-08 13:19:47.736 -06:00][ 6554: 6554][info ] Initialized Krisp SDK successfully
[2026-Feb-08 13:19:47.736 -06:00][ 6554: 6554][info ] Krisp SDK initialized
[2026-Feb-10 06:31:09.407 -06:00][39825:39825][info ] Logging initialized
[2026-Feb-10 06:31:09.407 -06:00][39825:39825][info ] Initializing krisp SDK...
[2026-Feb-10 06:31:09.407 -06:00][39825:39825][info ] DoKrispInitialize
[2026-Feb-10 06:31:09.717 -06:00][39825:39825][info ] LoadDynamicKrisp
[2026-Feb-10 06:31:09.717 -06:00][39825:39825][info ] Did not find KRISP_DYLIB_PATH, skipping dynamic loading
[2026-Feb-10 06:31:09.717 -06:00][39825:39825][info ] Initializing Krisp SDK in PID 39825, addr 0x7f76a232d020
[2026-Feb-10 06:31:09.717 -06:00][39825:39825][info ] Initialized Krisp SDK successfully
[2026-Feb-10 06:31:09.717 -06:00][39825:39825][info ] Krisp SDK initialized
[2026-Feb-10 16:32:27.460 -06:00][11943:11943][info ] Logging initialized
[2026-Feb-10 16:32:27.460 -06:00][11943:11943][info ] Initializing krisp SDK...
[2026-Feb-10 16:32:27.460 -06:00][11943:11943][info ] DoKrispInitialize
[2026-Feb-10 16:32:27.769 -06:00][11943:11943][info ] LoadDynamicKrisp
[2026-Feb-10 16:32:27.769 -06:00][11943:11943][info ] Did not find KRISP_DYLIB_PATH, skipping dynamic loading
[2026-Feb-10 16:32:27.769 -06:00][11943:11943][info ] Initializing Krisp SDK in PID 11943, addr 0x7ff5ddead020
[2026-Feb-10 16:32:27.770 -06:00][11943:11943][info ] Initialized Krisp SDK successfully
[2026-Feb-10 16:32:27.770 -06:00][11943:11943][info ] Krisp SDK initialized
[2026-Feb-10 21:39:48.125 -06:00][23335:23335][info ] Logging initialized
[2026-Feb-10 21:39:48.125 -06:00][23335:23335][info ] Initializing krisp SDK...
[2026-Feb-10 21:39:48.125 -06:00][23335:23335][info ] DoKrispInitialize
[2026-Feb-10 21:39:48.428 -06:00][23335:23335][info ] LoadDynamicKrisp
[2026-Feb-10 21:39:48.428 -06:00][23335:23335][info ] Did not find KRISP_DYLIB_PATH, skipping dynamic loading
[2026-Feb-10 21:39:48.428 -06:00][23335:23335][info ] Initializing Krisp SDK in PID 23335, addr 0x7f7ad223d020
[2026-Feb-10 21:39:48.429 -06:00][23335:23335][info ] Initialized Krisp SDK successfully
[2026-Feb-10 21:39:48.429 -06:00][23335:23335][info ] Krisp SDK initialized
[2026-Feb-11 17:02:54.876 -06:00][46670:46670][info ] Logging initialized
[2026-Feb-11 17:02:54.876 -06:00][46670:46670][info ] Initializing krisp SDK...
[2026-Feb-11 17:02:54.876 -06:00][46670:46670][info ] DoKrispInitialize
[2026-Feb-11 17:02:55.185 -06:00][46670:46670][info ] LoadDynamicKrisp
[2026-Feb-11 17:02:55.185 -06:00][46670:46670][info ] Did not find KRISP_DYLIB_PATH, skipping dynamic loading
[2026-Feb-11 17:02:55.185 -06:00][46670:46670][info ] Initializing Krisp SDK in PID 46670, addr 0x7fdae920d020
[2026-Feb-11 17:02:55.186 -06:00][46670:46670][info ] Initialized Krisp SDK successfully
[2026-Feb-11 17:02:55.186 -06:00][46670:46670][info ] Krisp SDK initialized
[2026-Feb-11 17:40:36.724 -06:00][18433:18433][info ] Logging initialized
[2026-Feb-11 17:40:36.724 -06:00][18433:18433][info ] Initializing krisp SDK...
[2026-Feb-11 17:40:36.724 -06:00][18433:18433][info ] DoKrispInitialize
[2026-Feb-11 17:40:37.038 -06:00][18433:18433][info ] LoadDynamicKrisp
[2026-Feb-11 17:40:37.038 -06:00][18433:18433][info ] Did not find KRISP_DYLIB_PATH, skipping dynamic loading
[2026-Feb-11 17:40:37.038 -06:00][18433:18433][info ] Initializing Krisp SDK in PID 18433, addr 0x7fa9e6f6d020
[2026-Feb-11 17:40:37.039 -06:00][18433:18433][info ] Initialized Krisp SDK successfully
[2026-Feb-11 17:40:37.039 -06:00][18433:18433][info ] Krisp SDK initialized
[2026-Feb-11 18:35:14.156 -06:00][ 5530: 5530][info ] Logging initialized
[2026-Feb-11 18:35:14.156 -06:00][ 5530: 5530][info ] Initializing krisp SDK...
[2026-Feb-11 18:35:14.156 -06:00][ 5530: 5530][info ] DoKrispInitialize
[2026-Feb-11 18:35:14.453 -06:00][ 5530: 5530][info ] LoadDynamicKrisp
[2026-Feb-11 18:35:14.453 -06:00][ 5530: 5530][info ] Did not find KRISP_DYLIB_PATH, skipping dynamic loading
[2026-Feb-11 18:35:14.453 -06:00][ 5530: 5530][info ] Initializing Krisp SDK in PID 5530, addr 0x7fa8f0dad020
[2026-Feb-11 18:35:14.454 -06:00][ 5530: 5530][info ] Initialized Krisp SDK successfully
[2026-Feb-11 18:35:14.454 -06:00][ 5530: 5530][info ] Krisp SDK initialized
[2026-Feb-11 21:59:23.723 -06:00][ 2260: 2260][info ] Logging initialized
[2026-Feb-11 21:59:23.723 -06:00][ 2260: 2260][info ] Initializing krisp SDK...
[2026-Feb-11 21:59:23.723 -06:00][ 2260: 2260][info ] DoKrispInitialize
[2026-Feb-11 21:59:24.053 -06:00][ 2260: 2260][info ] LoadDynamicKrisp
[2026-Feb-11 21:59:24.053 -06:00][ 2260: 2260][info ] Did not find KRISP_DYLIB_PATH, skipping dynamic loading
[2026-Feb-11 21:59:24.053 -06:00][ 2260: 2260][info ] Initializing Krisp SDK in PID 2260, addr 0x7f7c40aad020
[2026-Feb-11 21:59:24.053 -06:00][ 2260: 2260][info ] Initialized Krisp SDK successfully
[2026-Feb-11 21:59:24.053 -06:00][ 2260: 2260][info ] Krisp SDK initialized
[2026-Feb-12 06:44:31.990 -06:00][ 2021: 2021][info ] Logging initialized
[2026-Feb-12 06:44:31.990 -06:00][ 2021: 2021][info ] Initializing krisp SDK...
[2026-Feb-12 06:44:31.990 -06:00][ 2021: 2021][info ] DoKrispInitialize
[2026-Feb-12 06:44:32.288 -06:00][ 2021: 2021][info ] LoadDynamicKrisp
[2026-Feb-12 06:44:32.288 -06:00][ 2021: 2021][info ] Did not find KRISP_DYLIB_PATH, skipping dynamic loading
[2026-Feb-12 06:44:32.288 -06:00][ 2021: 2021][info ] Initializing Krisp SDK in PID 2021, addr 0x7efdeda6d020
[2026-Feb-12 06:44:32.289 -06:00][ 2021: 2021][info ] Initialized Krisp SDK successfully
[2026-Feb-12 06:44:32.289 -06:00][ 2021: 2021][info ] Krisp SDK initialized
[2026-Feb-12 12:23:40.729 -06:00][ 2852: 2852][info ] Logging initialized
[2026-Feb-12 12:23:40.729 -06:00][ 2852: 2852][info ] Initializing krisp SDK...
[2026-Feb-12 12:23:40.729 -06:00][ 2852: 2852][info ] DoKrispInitialize
[2026-Feb-12 12:23:41.025 -06:00][ 2852: 2852][info ] LoadDynamicKrisp
[2026-Feb-12 12:23:41.025 -06:00][ 2852: 2852][info ] Did not find KRISP_DYLIB_PATH, skipping dynamic loading
[2026-Feb-12 12:23:41.025 -06:00][ 2852: 2852][info ] Initializing Krisp SDK in PID 2852, addr 0x7f819685d020
[2026-Feb-12 12:23:41.026 -06:00][ 2852: 2852][info ] Initialized Krisp SDK successfully
[2026-Feb-12 12:23:41.026 -06:00][ 2852: 2852][info ] Krisp SDK initialized
[2026-Feb-12 17:05:44.716 -06:00][78635:78635][info ] Logging initialized
[2026-Feb-12 17:05:44.716 -06:00][78635:78635][info ] Initializing krisp SDK...
[2026-Feb-12 17:05:44.716 -06:00][78635:78635][info ] DoKrispInitialize
[2026-Feb-12 17:05:45.027 -06:00][78635:78635][info ] LoadDynamicKrisp
[2026-Feb-12 17:05:45.027 -06:00][78635:78635][info ] Did not find KRISP_DYLIB_PATH, skipping dynamic loading
[2026-Feb-12 17:05:45.027 -06:00][78635:78635][info ] Initializing Krisp SDK in PID 78635, addr 0x7fdf70c6d020
[2026-Feb-12 17:05:45.028 -06:00][78635:78635][info ] Initialized Krisp SDK successfully
[2026-Feb-12 17:05:45.028 -06:00][78635:78635][info ] Krisp SDK initialized
[2026-Feb-12 18:40:25.496 -06:00][15141:15141][info ] Logging initialized
[2026-Feb-12 18:40:25.496 -06:00][15141:15141][info ] Initializing krisp SDK...
[2026-Feb-12 18:40:25.496 -06:00][15141:15141][info ] DoKrispInitialize
[2026-Feb-12 18:40:25.803 -06:00][15141:15141][info ] LoadDynamicKrisp
[2026-Feb-12 18:40:25.803 -06:00][15141:15141][info ] Did not find KRISP_DYLIB_PATH, skipping dynamic loading
[2026-Feb-12 18:40:25.803 -06:00][15141:15141][info ] Initializing Krisp SDK in PID 15141, addr 0x7fd4e4b6d020
[2026-Feb-12 18:40:25.804 -06:00][15141:15141][info ] Initialized Krisp SDK successfully
[2026-Feb-12 18:40:25.804 -06:00][15141:15141][info ] Krisp SDK initialized
[2026-Feb-12 21:11:37.218 -06:00][ 2148: 2148][info ] Logging initialized
[2026-Feb-12 21:11:37.218 -06:00][ 2148: 2148][info ] Initializing krisp SDK...
[2026-Feb-12 21:11:37.218 -06:00][ 2148: 2148][info ] DoKrispInitialize
[2026-Feb-12 21:11:37.513 -06:00][ 2148: 2148][info ] LoadDynamicKrisp
[2026-Feb-12 21:11:37.513 -06:00][ 2148: 2148][info ] Did not find KRISP_DYLIB_PATH, skipping dynamic loading
[2026-Feb-12 21:11:37.513 -06:00][ 2148: 2148][info ] Initializing Krisp SDK in PID 2148, addr 0x7fda1c6ad020
[2026-Feb-12 21:11:37.514 -06:00][ 2148: 2148][info ] Initialized Krisp SDK successfully
[2026-Feb-12 21:11:37.514 -06:00][ 2148: 2148][info ] Krisp SDK initialized
[2026-Feb-13 06:31:53.305 -06:00][ 2365: 2365][info ] Logging initialized
[2026-Feb-13 06:31:53.305 -06:00][ 2365: 2365][info ] Initializing krisp SDK...
[2026-Feb-13 06:31:53.305 -06:00][ 2365: 2365][info ] DoKrispInitialize
[2026-Feb-13 06:31:53.602 -06:00][ 2365: 2365][info ] LoadDynamicKrisp
[2026-Feb-13 06:31:53.602 -06:00][ 2365: 2365][info ] Did not find KRISP_DYLIB_PATH, skipping dynamic loading
[2026-Feb-13 06:31:53.602 -06:00][ 2365: 2365][info ] Initializing Krisp SDK in PID 2365, addr 0x7f9bf0d6d020
[2026-Feb-13 06:31:53.603 -06:00][ 2365: 2365][info ] Initialized Krisp SDK successfully
[2026-Feb-13 06:31:53.603 -06:00][ 2365: 2365][info ] Krisp SDK initialized
[2026-Feb-13 09:27:37.918 -06:00][141206:141206][info ] Logging initialized
[2026-Feb-13 09:27:37.918 -06:00][141206:141206][info ] Initializing krisp SDK...
[2026-Feb-13 09:27:37.918 -06:00][141206:141206][info ] DoKrispInitialize
[2026-Feb-13 09:27:38.233 -06:00][141206:141206][info ] LoadDynamicKrisp
[2026-Feb-13 09:27:38.233 -06:00][141206:141206][info ] Did not find KRISP_DYLIB_PATH, skipping dynamic loading
[2026-Feb-13 09:27:38.233 -06:00][141206:141206][info ] Initializing Krisp SDK in PID 141206, addr 0x7fbd51d6d020
[2026-Feb-13 09:27:38.234 -06:00][141206:141206][info ] Initialized Krisp SDK successfully
[2026-Feb-13 09:27:38.234 -06:00][141206:141206][info ] Krisp SDK initialized
[2026-Feb-13 15:41:59.817 -06:00][ 8748: 8748][info ] Logging initialized
[2026-Feb-13 15:41:59.817 -06:00][ 8748: 8748][info ] Initializing krisp SDK...
[2026-Feb-13 15:41:59.817 -06:00][ 8748: 8748][info ] DoKrispInitialize
[2026-Feb-13 15:42:00.138 -06:00][ 8748: 8748][info ] LoadDynamicKrisp
[2026-Feb-13 15:42:00.138 -06:00][ 8748: 8748][info ] Did not find KRISP_DYLIB_PATH, skipping dynamic loading
[2026-Feb-13 15:42:00.138 -06:00][ 8748: 8748][info ] Initializing Krisp SDK in PID 8748, addr 0x7f227a62d020
[2026-Feb-13 15:42:00.139 -06:00][ 8748: 8748][info ] Initialized Krisp SDK successfully
[2026-Feb-13 15:42:00.139 -06:00][ 8748: 8748][info ] Krisp SDK initialized
[2026-Feb-13 20:25:08.377 -06:00][ 4216: 4216][info ] Logging initialized
[2026-Feb-13 20:25:08.377 -06:00][ 4216: 4216][info ] Initializing krisp SDK...
[2026-Feb-13 20:25:08.377 -06:00][ 4216: 4216][info ] DoKrispInitialize
[2026-Feb-13 20:25:08.690 -06:00][ 4216: 4216][info ] LoadDynamicKrisp
[2026-Feb-13 20:25:08.690 -06:00][ 4216: 4216][info ] Did not find KRISP_DYLIB_PATH, skipping dynamic loading
[2026-Feb-13 20:25:08.690 -06:00][ 4216: 4216][info ] Initializing Krisp SDK in PID 4216, addr 0x7fce8baad020
[2026-Feb-13 20:25:08.691 -06:00][ 4216: 4216][info ] Initialized Krisp SDK successfully
[2026-Feb-13 20:25:08.691 -06:00][ 4216: 4216][info ] Krisp SDK initialized
[2026-Feb-14 06:50:37.931 -06:00][ 3793: 3793][info ] Logging initialized
[2026-Feb-14 06:50:37.931 -06:00][ 3793: 3793][info ] Initializing krisp SDK...
[2026-Feb-14 06:50:37.932 -06:00][ 3793: 3793][info ] DoKrispInitialize
[2026-Feb-14 06:50:38.237 -06:00][ 3793: 3793][info ] LoadDynamicKrisp
[2026-Feb-14 06:50:38.237 -06:00][ 3793: 3793][info ] Did not find KRISP_DYLIB_PATH, skipping dynamic loading
[2026-Feb-14 06:50:38.237 -06:00][ 3793: 3793][info ] Initializing Krisp SDK in PID 3793, addr 0x7f562b0ad020
[2026-Feb-14 06:50:38.238 -06:00][ 3793: 3793][info ] Initialized Krisp SDK successfully
[2026-Feb-14 06:50:38.238 -06:00][ 3793: 3793][info ] Krisp SDK initialized
[2026-Feb-14 09:18:02.193 -06:00][225848:225848][info ] Logging initialized
[2026-Feb-14 09:18:02.193 -06:00][225848:225848][info ] Initializing krisp SDK...
[2026-Feb-14 09:18:02.193 -06:00][225848:225848][info ] DoKrispInitialize
[2026-Feb-14 09:18:02.508 -06:00][225848:225848][info ] LoadDynamicKrisp
[2026-Feb-14 09:18:02.508 -06:00][225848:225848][info ] Did not find KRISP_DYLIB_PATH, skipping dynamic loading
[2026-Feb-14 09:18:02.508 -06:00][225848:225848][info ] Initializing Krisp SDK in PID 225848, addr 0x7fe8c13ad020
[2026-Feb-14 09:18:02.509 -06:00][225848:225848][info ] Initialized Krisp SDK successfully
[2026-Feb-14 09:18:02.509 -06:00][225848:225848][info ] Krisp SDK initialized
[2026-Feb-14 09:28:20.404 -06:00][34971:34971][info ] Logging initialized
[2026-Feb-14 09:28:20.404 -06:00][34971:34971][info ] Initializing krisp SDK...
[2026-Feb-14 09:28:20.404 -06:00][34971:34971][info ] DoKrispInitialize
[2026-Feb-14 09:28:20.713 -06:00][34971:34971][info ] LoadDynamicKrisp
[2026-Feb-14 09:28:20.713 -06:00][34971:34971][info ] Did not find KRISP_DYLIB_PATH, skipping dynamic loading
[2026-Feb-14 09:28:20.713 -06:00][34971:34971][info ] Initializing Krisp SDK in PID 34971, addr 0x7f2843dad020
[2026-Feb-14 09:28:20.714 -06:00][34971:34971][info ] Initialized Krisp SDK successfully
[2026-Feb-14 09:28:20.714 -06:00][34971:34971][info ] Krisp SDK initialized
[2026-Feb-14 12:43:28.832 -06:00][ 2774: 2774][info ] Logging initialized
[2026-Feb-14 12:43:28.832 -06:00][ 2774: 2774][info ] Initializing krisp SDK...
[2026-Feb-14 12:43:28.832 -06:00][ 2774: 2774][info ] DoKrispInitialize
[2026-Feb-14 12:43:29.133 -06:00][ 2774: 2774][info ] LoadDynamicKrisp
[2026-Feb-14 12:43:29.133 -06:00][ 2774: 2774][info ] Did not find KRISP_DYLIB_PATH, skipping dynamic loading
[2026-Feb-14 12:43:29.133 -06:00][ 2774: 2774][info ] Initializing Krisp SDK in PID 2774, addr 0x7fbe306ad020
[2026-Feb-14 12:43:29.134 -06:00][ 2774: 2774][info ] Initialized Krisp SDK successfully
[2026-Feb-14 12:43:29.134 -06:00][ 2774: 2774][info ] Krisp SDK initialized
[2026-Feb-14 14:44:01.238 -06:00][55724:55724][info ] Logging initialized
[2026-Feb-14 14:44:01.238 -06:00][55724:55724][info ] Initializing krisp SDK...
[2026-Feb-14 14:44:01.238 -06:00][55724:55724][info ] DoKrispInitialize
[2026-Feb-14 14:44:01.549 -06:00][55724:55724][info ] LoadDynamicKrisp
[2026-Feb-14 14:44:01.549 -06:00][55724:55724][info ] Did not find KRISP_DYLIB_PATH, skipping dynamic loading
[2026-Feb-14 14:44:01.549 -06:00][55724:55724][info ] Initializing Krisp SDK in PID 55724, addr 0x7f943133d020
[2026-Feb-14 14:44:01.550 -06:00][55724:55724][info ] Initialized Krisp SDK successfully
[2026-Feb-14 14:44:01.550 -06:00][55724:55724][info ] Krisp SDK initialized
[2026-Feb-14 20:04:44.151 -06:00][646018:646018][info ] Logging initialized
[2026-Feb-14 20:04:44.151 -06:00][646018:646018][info ] Initializing krisp SDK...
[2026-Feb-14 20:04:44.151 -06:00][646018:646018][info ] DoKrispInitialize
[2026-Feb-14 20:04:44.462 -06:00][646018:646018][info ] LoadDynamicKrisp
[2026-Feb-14 20:04:44.462 -06:00][646018:646018][info ] Did not find KRISP_DYLIB_PATH, skipping dynamic loading
[2026-Feb-14 20:04:44.462 -06:00][646018:646018][info ] Initializing Krisp SDK in PID 646018, addr 0x7f9b76cad020
[2026-Feb-14 20:04:44.463 -06:00][646018:646018][info ] Initialized Krisp SDK successfully
[2026-Feb-14 20:04:44.463 -06:00][646018:646018][info ] Krisp SDK initialized
[2026-Feb-14 21:05:27.127 -06:00][40354:40354][info ] Logging initialized
[2026-Feb-14 21:05:27.127 -06:00][40354:40354][info ] Initializing krisp SDK...
[2026-Feb-14 21:05:27.127 -06:00][40354:40354][info ] DoKrispInitialize
[2026-Feb-14 21:05:27.434 -06:00][40354:40354][info ] LoadDynamicKrisp
[2026-Feb-14 21:05:27.434 -06:00][40354:40354][info ] Did not find KRISP_DYLIB_PATH, skipping dynamic loading
[2026-Feb-14 21:05:27.434 -06:00][40354:40354][info ] Initializing Krisp SDK in PID 40354, addr 0x7f1660c6d020
[2026-Feb-14 21:05:27.435 -06:00][40354:40354][info ] Initialized Krisp SDK successfully
[2026-Feb-14 21:05:27.435 -06:00][40354:40354][info ] Krisp SDK initialized
[2026-Feb-15 15:28:46.364 -06:00][85317:85317][info ] Logging initialized
[2026-Feb-15 15:28:46.364 -06:00][85317:85317][info ] Initializing krisp SDK...
[2026-Feb-15 15:28:46.364 -06:00][85317:85317][info ] DoKrispInitialize
[2026-Feb-15 15:28:46.689 -06:00][85317:85317][info ] LoadDynamicKrisp
[2026-Feb-15 15:28:46.689 -06:00][85317:85317][info ] Did not find KRISP_DYLIB_PATH, skipping dynamic loading
[2026-Feb-15 15:28:46.689 -06:00][85317:85317][info ] Initializing Krisp SDK in PID 85317, addr 0x7f5ab67ad020
[2026-Feb-15 15:28:46.690 -06:00][85317:85317][info ] Initialized Krisp SDK successfully
[2026-Feb-15 15:28:46.690 -06:00][85317:85317][info ] Krisp SDK initialized
[2026-Feb-15 15:59:24.514 -06:00][20327:20327][info ] Logging initialized
[2026-Feb-15 15:59:24.514 -06:00][20327:20327][info ] Initializing krisp SDK...
[2026-Feb-15 15:59:24.514 -06:00][20327:20327][info ] DoKrispInitialize
[2026-Feb-15 15:59:24.828 -06:00][20327:20327][info ] LoadDynamicKrisp
[2026-Feb-15 15:59:24.829 -06:00][20327:20327][info ] Did not find KRISP_DYLIB_PATH, skipping dynamic loading
[2026-Feb-15 15:59:24.829 -06:00][20327:20327][info ] Initializing Krisp SDK in PID 20327, addr 0x7f62c0bad020
[2026-Feb-15 15:59:24.829 -06:00][20327:20327][info ] Initialized Krisp SDK successfully
[2026-Feb-15 15:59:24.829 -06:00][20327:20327][info ] Krisp SDK initialized
[2026-Feb-15 19:03:25.585 -06:00][23283:23283][info ] Logging initialized
[2026-Feb-15 19:03:25.585 -06:00][23283:23283][info ] Initializing krisp SDK...
[2026-Feb-15 19:03:25.585 -06:00][23283:23283][info ] DoKrispInitialize
[2026-Feb-15 19:03:25.889 -06:00][23283:23283][info ] LoadDynamicKrisp
[2026-Feb-15 19:03:25.889 -06:00][23283:23283][info ] Did not find KRISP_DYLIB_PATH, skipping dynamic loading
[2026-Feb-15 19:03:25.889 -06:00][23283:23283][info ] Initializing Krisp SDK in PID 23283, addr 0x7efd708ad020
[2026-Feb-15 19:03:25.890 -06:00][23283:23283][info ] Initialized Krisp SDK successfully
[2026-Feb-15 19:03:25.890 -06:00][23283:23283][info ] Krisp SDK initialized
[2026-Feb-16 14:01:17.072 -06:00][ 3669: 3669][info ] Logging initialized
[2026-Feb-16 14:01:17.072 -06:00][ 3669: 3669][info ] Initializing krisp SDK...
[2026-Feb-16 14:01:17.072 -06:00][ 3669: 3669][info ] DoKrispInitialize
[2026-Feb-16 14:01:17.365 -06:00][ 3669: 3669][info ] LoadDynamicKrisp
[2026-Feb-16 14:01:17.365 -06:00][ 3669: 3669][info ] Did not find KRISP_DYLIB_PATH, skipping dynamic loading
[2026-Feb-16 14:01:17.365 -06:00][ 3669: 3669][info ] Initializing Krisp SDK in PID 3669, addr 0x7f27a9a6d020
[2026-Feb-16 14:01:17.366 -06:00][ 3669: 3669][info ] Initialized Krisp SDK successfully
[2026-Feb-16 14:01:17.366 -06:00][ 3669: 3669][info ] Krisp SDK initialized
[2026-Feb-16 15:47:45.750 -06:00][34250:34250][info ] Logging initialized
[2026-Feb-16 15:47:45.750 -06:00][34250:34250][info ] Initializing krisp SDK...
[2026-Feb-16 15:47:45.750 -06:00][34250:34250][info ] DoKrispInitialize
[2026-Feb-16 15:47:46.062 -06:00][34250:34250][info ] LoadDynamicKrisp
[2026-Feb-16 15:47:46.062 -06:00][34250:34250][info ] Did not find KRISP_DYLIB_PATH, skipping dynamic loading
[2026-Feb-16 15:47:46.062 -06:00][34250:34250][info ] Initializing Krisp SDK in PID 34250, addr 0x7f597c3ad020
[2026-Feb-16 15:47:46.063 -06:00][34250:34250][info ] Initialized Krisp SDK successfully
[2026-Feb-16 15:47:46.063 -06:00][34250:34250][info ] Krisp SDK initialized
[2026-Feb-16 16:33:46.701 -06:00][10782:10782][info ] Logging initialized
[2026-Feb-16 16:33:46.701 -06:00][10782:10782][info ] Initializing krisp SDK...
[2026-Feb-16 16:33:46.701 -06:00][10782:10782][info ] DoKrispInitialize
[2026-Feb-16 16:33:47.016 -06:00][10782:10782][info ] LoadDynamicKrisp
[2026-Feb-16 16:33:47.016 -06:00][10782:10782][info ] Did not find KRISP_DYLIB_PATH, skipping dynamic loading
[2026-Feb-16 16:33:47.016 -06:00][10782:10782][info ] Initializing Krisp SDK in PID 10782, addr 0x7f1ef4c3d020
[2026-Feb-16 16:33:47.017 -06:00][10782:10782][info ] Initialized Krisp SDK successfully
[2026-Feb-16 16:33:47.017 -06:00][10782:10782][info ] Krisp SDK initialized
[2026-Feb-16 19:23:41.194 -06:00][105994:105994][info ] Logging initialized
[2026-Feb-16 19:23:41.194 -06:00][105994:105994][info ] Initializing krisp SDK...
[2026-Feb-16 19:23:41.194 -06:00][105994:105994][info ] DoKrispInitialize
[2026-Feb-16 19:23:41.503 -06:00][105994:105994][info ] LoadDynamicKrisp
[2026-Feb-16 19:23:41.503 -06:00][105994:105994][info ] Did not find KRISP_DYLIB_PATH, skipping dynamic loading
[2026-Feb-16 19:23:41.503 -06:00][105994:105994][info ] Initializing Krisp SDK in PID 105994, addr 0x7fb4ec36d020
[2026-Feb-16 19:23:41.504 -06:00][105994:105994][info ] Initialized Krisp SDK successfully
[2026-Feb-16 19:23:41.504 -06:00][105994:105994][info ] Krisp SDK initialized
[2026-Feb-16 22:08:33.768 -06:00][ 8826: 8826][info ] Logging initialized
[2026-Feb-16 22:08:33.768 -06:00][ 8826: 8826][info ] Initializing krisp SDK...
[2026-Feb-16 22:08:33.768 -06:00][ 8826: 8826][info ] DoKrispInitialize
[2026-Feb-16 22:08:34.075 -06:00][ 8826: 8826][info ] LoadDynamicKrisp
[2026-Feb-16 22:08:34.075 -06:00][ 8826: 8826][info ] Did not find KRISP_DYLIB_PATH, skipping dynamic loading
[2026-Feb-16 22:08:34.075 -06:00][ 8826: 8826][info ] Initializing Krisp SDK in PID 8826, addr 0x7fae352ad020
[2026-Feb-16 22:08:34.076 -06:00][ 8826: 8826][info ] Initialized Krisp SDK successfully
[2026-Feb-16 22:08:34.076 -06:00][ 8826: 8826][info ] Krisp SDK initialized
[2026-Feb-17 06:27:12.169 -06:00][11334:11334][info ] Logging initialized
[2026-Feb-17 06:27:12.169 -06:00][11334:11334][info ] Initializing krisp SDK...
[2026-Feb-17 06:27:12.169 -06:00][11334:11334][info ] DoKrispInitialize
[2026-Feb-17 06:27:12.481 -06:00][11334:11334][info ] LoadDynamicKrisp
[2026-Feb-17 06:27:12.481 -06:00][11334:11334][info ] Did not find KRISP_DYLIB_PATH, skipping dynamic loading
[2026-Feb-17 06:27:12.481 -06:00][11334:11334][info ] Initializing Krisp SDK in PID 11334, addr 0x7f560b6ad020
[2026-Feb-17 06:27:12.482 -06:00][11334:11334][info ] Initialized Krisp SDK successfully
[2026-Feb-17 06:27:12.482 -06:00][11334:11334][info ] Krisp SDK initialized
[2026-Feb-17 08:09:49.949 -06:00][ 6015: 6015][info ] Logging initialized
[2026-Feb-17 08:09:49.949 -06:00][ 6015: 6015][info ] Initializing krisp SDK...
[2026-Feb-17 08:09:49.949 -06:00][ 6015: 6015][info ] DoKrispInitialize
[2026-Feb-17 08:09:50.251 -06:00][ 6015: 6015][info ] LoadDynamicKrisp
[2026-Feb-17 08:09:50.251 -06:00][ 6015: 6015][info ] Did not find KRISP_DYLIB_PATH, skipping dynamic loading
[2026-Feb-17 08:09:50.251 -06:00][ 6015: 6015][info ] Initializing Krisp SDK in PID 6015, addr 0x7f9e7346d020
[2026-Feb-17 08:09:50.252 -06:00][ 6015: 6015][info ] Initialized Krisp SDK successfully
[2026-Feb-17 08:09:50.252 -06:00][ 6015: 6015][info ] Krisp SDK initialized
[2026-Feb-17 12:24:06.572 -06:00][336962:336962][info ] Logging initialized
[2026-Feb-17 12:24:06.572 -06:00][336962:336962][info ] Initializing krisp SDK...
[2026-Feb-17 12:24:06.572 -06:00][336962:336962][info ] DoKrispInitialize
[2026-Feb-17 12:24:07.057 -06:00][336962:336962][info ] LoadDynamicKrisp
[2026-Feb-17 12:24:07.057 -06:00][336962:336962][info ] Did not find KRISP_DYLIB_PATH, skipping dynamic loading
[2026-Feb-17 12:24:07.057 -06:00][336962:336962][info ] Initializing Krisp SDK in PID 336962, addr 0x7fe973dad020
[2026-Feb-17 12:24:07.059 -06:00][336962:336962][info ] Initialized Krisp SDK successfully
[2026-Feb-17 12:24:07.059 -06:00][336962:336962][info ] Krisp SDK initialized
[2026-Feb-17 17:24:05.428 -06:00][46499:46499][info ] Logging initialized
[2026-Feb-17 17:24:05.428 -06:00][46499:46499][info ] Initializing krisp SDK...
[2026-Feb-17 17:24:05.428 -06:00][46499:46499][info ] DoKrispInitialize
[2026-Feb-17 17:24:05.717 -06:00][46499:46499][info ] LoadDynamicKrisp
[2026-Feb-17 17:24:05.717 -06:00][46499:46499][info ] Did not find KRISP_DYLIB_PATH, skipping dynamic loading
[2026-Feb-17 17:24:05.717 -06:00][46499:46499][info ] Initializing Krisp SDK in PID 46499, addr 0x7f86d874d0e0
[2026-Feb-17 17:24:05.718 -06:00][46499:46499][info ] Initialized Krisp SDK successfully
[2026-Feb-17 17:24:05.718 -06:00][46499:46499][info ] Krisp SDK initialized
[2026-Feb-17 22:44:49.346 -06:00][317183:317183][info ] Logging initialized
[2026-Feb-17 22:44:49.346 -06:00][317183:317183][info ] Initializing krisp SDK...
[2026-Feb-17 22:44:49.346 -06:00][317183:317183][info ] DoKrispInitialize
[2026-Feb-17 22:44:49.658 -06:00][317183:317183][info ] LoadDynamicKrisp
[2026-Feb-17 22:44:49.658 -06:00][317183:317183][info ] Did not find KRISP_DYLIB_PATH, skipping dynamic loading
[2026-Feb-17 22:44:49.658 -06:00][317183:317183][info ] Initializing Krisp SDK in PID 317183, addr 0x7fec9d6ad0e0
[2026-Feb-17 22:44:49.659 -06:00][317183:317183][info ] Initialized Krisp SDK successfully
[2026-Feb-17 22:44:49.659 -06:00][317183:317183][info ] Krisp SDK initialized
[2026-Feb-18 15:38:39.783 -06:00][11299:11299][info ] Logging initialized
[2026-Feb-18 15:38:39.783 -06:00][11299:11299][info ] Initializing krisp SDK...
[2026-Feb-18 15:38:39.783 -06:00][11299:11299][info ] DoKrispInitialize
[2026-Feb-18 15:38:40.089 -06:00][11299:11299][info ] LoadDynamicKrisp
[2026-Feb-18 15:38:40.089 -06:00][11299:11299][info ] Did not find KRISP_DYLIB_PATH, skipping dynamic loading
[2026-Feb-18 15:38:40.089 -06:00][11299:11299][info ] Initializing Krisp SDK in PID 11299, addr 0x7f660736d0e0
[2026-Feb-18 15:38:40.089 -06:00][11299:11299][info ] Initialized Krisp SDK successfully
[2026-Feb-18 15:38:40.090 -06:00][11299:11299][info ] Krisp SDK initialized
[2026-Feb-18 18:45:33.937 -06:00][98872:98872][info ] Logging initialized
[2026-Feb-18 18:45:33.937 -06:00][98872:98872][info ] Initializing krisp SDK...
[2026-Feb-18 18:45:33.937 -06:00][98872:98872][info ] DoKrispInitialize
[2026-Feb-18 18:45:34.244 -06:00][98872:98872][info ] LoadDynamicKrisp
[2026-Feb-18 18:45:34.245 -06:00][98872:98872][info ] Did not find KRISP_DYLIB_PATH, skipping dynamic loading
[2026-Feb-18 18:45:34.245 -06:00][98872:98872][info ] Initializing Krisp SDK in PID 98872, addr 0x7fea888ad0e0
[2026-Feb-18 18:45:34.246 -06:00][98872:98872][info ] Initialized Krisp SDK successfully
[2026-Feb-18 18:45:34.246 -06:00][98872:98872][info ] Krisp SDK initialized
[2026-Feb-18 19:27:29.198 -06:00][84424:84424][info ] Logging initialized
[2026-Feb-18 19:27:29.198 -06:00][84424:84424][info ] Initializing krisp SDK...
[2026-Feb-18 19:27:29.198 -06:00][84424:84424][info ] DoKrispInitialize
[2026-Feb-18 19:27:29.497 -06:00][84424:84424][info ] LoadDynamicKrisp
[2026-Feb-18 19:27:29.497 -06:00][84424:84424][info ] Did not find KRISP_DYLIB_PATH, skipping dynamic loading
[2026-Feb-18 19:27:29.497 -06:00][84424:84424][info ] Initializing Krisp SDK in PID 84424, addr 0x7f4085c6d0e0
[2026-Feb-18 19:27:29.498 -06:00][84424:84424][info ] Initialized Krisp SDK successfully
[2026-Feb-18 19:27:29.498 -06:00][84424:84424][info ] Krisp SDK initialized
[2026-Feb-19 06:54:19.573 -06:00][149837:149837][info ] Logging initialized
[2026-Feb-19 06:54:19.573 -06:00][149837:149837][info ] Initializing krisp SDK...
[2026-Feb-19 06:54:19.573 -06:00][149837:149837][info ] DoKrispInitialize
[2026-Feb-19 06:54:19.877 -06:00][149837:149837][info ] LoadDynamicKrisp
[2026-Feb-19 06:54:19.877 -06:00][149837:149837][info ] Did not find KRISP_DYLIB_PATH, skipping dynamic loading
[2026-Feb-19 06:54:19.877 -06:00][149837:149837][info ] Initializing Krisp SDK in PID 149837, addr 0x7f36207ad0e0
[2026-Feb-19 06:54:19.878 -06:00][149837:149837][info ] Initialized Krisp SDK successfully
[2026-Feb-19 06:54:19.878 -06:00][149837:149837][info ] Krisp SDK initialized
[2026-Feb-19 11:43:51.294 -06:00][ 2553: 2553][info ] Logging initialized
[2026-Feb-19 11:43:51.294 -06:00][ 2553: 2553][info ] Initializing krisp SDK...
[2026-Feb-19 11:43:51.294 -06:00][ 2553: 2553][info ] DoKrispInitialize
[2026-Feb-19 11:43:51.591 -06:00][ 2553: 2553][info ] LoadDynamicKrisp
[2026-Feb-19 11:43:51.591 -06:00][ 2553: 2553][info ] Did not find KRISP_DYLIB_PATH, skipping dynamic loading
[2026-Feb-19 11:43:51.591 -06:00][ 2553: 2553][info ] Initializing Krisp SDK in PID 2553, addr 0x7fa8b449d0e0
[2026-Feb-19 11:43:51.592 -06:00][ 2553: 2553][info ] Initialized Krisp SDK successfully
[2026-Feb-19 11:43:51.592 -06:00][ 2553: 2553][info ] Krisp SDK initialized
[2026-Feb-19 16:33:02.365 -06:00][ 2981: 2981][info ] Logging initialized
[2026-Feb-19 16:33:02.365 -06:00][ 2981: 2981][info ] Initializing krisp SDK...
[2026-Feb-19 16:33:02.365 -06:00][ 2981: 2981][info ] DoKrispInitialize
[2026-Feb-19 16:33:02.662 -06:00][ 2981: 2981][info ] LoadDynamicKrisp
[2026-Feb-19 16:33:02.662 -06:00][ 2981: 2981][info ] Did not find KRISP_DYLIB_PATH, skipping dynamic loading
[2026-Feb-19 16:33:02.662 -06:00][ 2981: 2981][info ] Initializing Krisp SDK in PID 2981, addr 0x7fb2a96ad0e0
[2026-Feb-19 16:33:02.663 -06:00][ 2981: 2981][info ] Initialized Krisp SDK successfully
[2026-Feb-19 16:33:02.663 -06:00][ 2981: 2981][info ] Krisp SDK initialized
[2026-Feb-19 22:09:21.722 -06:00][319891:319891][info ] Logging initialized
[2026-Feb-19 22:09:21.722 -06:00][319891:319891][info ] Initializing krisp SDK...
[2026-Feb-19 22:09:21.722 -06:00][319891:319891][info ] DoKrispInitialize
[2026-Feb-19 22:09:22.041 -06:00][319891:319891][info ] LoadDynamicKrisp
[2026-Feb-19 22:09:22.041 -06:00][319891:319891][info ] Did not find KRISP_DYLIB_PATH, skipping dynamic loading
[2026-Feb-19 22:09:22.041 -06:00][319891:319891][info ] Initializing Krisp SDK in PID 319891, addr 0x7f884f9ad0e0
[2026-Feb-19 22:09:22.041 -06:00][319891:319891][info ] Initialized Krisp SDK successfully
[2026-Feb-19 22:09:22.041 -06:00][319891:319891][info ] Krisp SDK initialized
[2026-Feb-20 08:18:39.615 -06:00][15637:15637][info ] Logging initialized
[2026-Feb-20 08:18:39.615 -06:00][15637:15637][info ] Initializing krisp SDK...
[2026-Feb-20 08:18:39.615 -06:00][15637:15637][info ] DoKrispInitialize
[2026-Feb-20 08:18:39.923 -06:00][15637:15637][info ] LoadDynamicKrisp
[2026-Feb-20 08:18:39.923 -06:00][15637:15637][info ] Did not find KRISP_DYLIB_PATH, skipping dynamic loading
[2026-Feb-20 08:18:39.923 -06:00][15637:15637][info ] Initializing Krisp SDK in PID 15637, addr 0x7f751e1ad0e0
[2026-Feb-20 08:18:39.924 -06:00][15637:15637][info ] Initialized Krisp SDK successfully
[2026-Feb-20 08:18:39.924 -06:00][15637:15637][info ] Krisp SDK initialized
[2026-Feb-20 10:47:15.718 -06:00][56746:56746][info ] Logging initialized
[2026-Feb-20 10:47:15.718 -06:00][56746:56746][info ] Initializing krisp SDK...
[2026-Feb-20 10:47:15.718 -06:00][56746:56746][info ] DoKrispInitialize
[2026-Feb-20 10:47:16.029 -06:00][56746:56746][info ] LoadDynamicKrisp
[2026-Feb-20 10:47:16.029 -06:00][56746:56746][info ] Did not find KRISP_DYLIB_PATH, skipping dynamic loading
[2026-Feb-20 10:47:16.029 -06:00][56746:56746][info ] Initializing Krisp SDK in PID 56746, addr 0x7f4dfd0ad0e0
[2026-Feb-20 10:47:16.029 -06:00][56746:56746][info ] Initialized Krisp SDK successfully
[2026-Feb-20 10:47:16.029 -06:00][56746:56746][info ] Krisp SDK initialized
[2026-Feb-20 12:38:23.344 -06:00][92444:92444][info ] Logging initialized
[2026-Feb-20 12:38:23.344 -06:00][92444:92444][info ] Initializing krisp SDK...
[2026-Feb-20 12:38:23.344 -06:00][92444:92444][info ] DoKrispInitialize
[2026-Feb-20 12:38:23.660 -06:00][92444:92444][info ] LoadDynamicKrisp
[2026-Feb-20 12:38:23.660 -06:00][92444:92444][info ] Did not find KRISP_DYLIB_PATH, skipping dynamic loading
[2026-Feb-20 12:38:23.660 -06:00][92444:92444][info ] Initializing Krisp SDK in PID 92444, addr 0x7e4e1a0ad0e0
[2026-Feb-20 12:38:23.661 -06:00][92444:92444][info ] Initialized Krisp SDK successfully
[2026-Feb-20 12:38:23.661 -06:00][92444:92444][info ] Krisp SDK initialized
[2026-Feb-20 17:00:24.241 -06:00][56402:56402][info ] Logging initialized
[2026-Feb-20 17:00:24.241 -06:00][56402:56402][info ] Initializing krisp SDK...
[2026-Feb-20 17:00:24.241 -06:00][56402:56402][info ] DoKrispInitialize
[2026-Feb-20 17:00:24.552 -06:00][56402:56402][info ] LoadDynamicKrisp
[2026-Feb-20 17:00:24.552 -06:00][56402:56402][info ] Did not find KRISP_DYLIB_PATH, skipping dynamic loading
[2026-Feb-20 17:00:24.552 -06:00][56402:56402][info ] Initializing Krisp SDK in PID 56402, addr 0x7f278916d0e0
[2026-Feb-20 17:00:24.553 -06:00][56402:56402][info ] Initialized Krisp SDK successfully
[2026-Feb-20 17:00:24.553 -06:00][56402:56402][info ] Krisp SDK initialized
[2026-Feb-20 17:55:52.711 -06:00][36324:36324][info ] Logging initialized
[2026-Feb-20 17:55:52.711 -06:00][36324:36324][info ] Initializing krisp SDK...
[2026-Feb-20 17:55:52.711 -06:00][36324:36324][info ] DoKrispInitialize
[2026-Feb-20 17:55:53.035 -06:00][36324:36324][info ] LoadDynamicKrisp
[2026-Feb-20 17:55:53.035 -06:00][36324:36324][info ] Did not find KRISP_DYLIB_PATH, skipping dynamic loading
[2026-Feb-20 17:55:53.035 -06:00][36324:36324][info ] Initializing Krisp SDK in PID 36324, addr 0x7f815346d0e0
[2026-Feb-20 17:55:53.036 -06:00][36324:36324][info ] Initialized Krisp SDK successfully
[2026-Feb-20 17:55:53.036 -06:00][36324:36324][info ] Krisp SDK initialized
[2026-Feb-20 20:02:20.336 -06:00][ 2415: 2415][info ] Logging initialized
[2026-Feb-20 20:02:20.336 -06:00][ 2415: 2415][info ] Initializing krisp SDK...
[2026-Feb-20 20:02:20.336 -06:00][ 2415: 2415][info ] DoKrispInitialize
[2026-Feb-20 20:02:20.635 -06:00][ 2415: 2415][info ] LoadDynamicKrisp
[2026-Feb-20 20:02:20.635 -06:00][ 2415: 2415][info ] Did not find KRISP_DYLIB_PATH, skipping dynamic loading
[2026-Feb-20 20:02:20.635 -06:00][ 2415: 2415][info ] Initializing Krisp SDK in PID 2415, addr 0x7f451028d0e0
[2026-Feb-20 20:02:20.636 -06:00][ 2415: 2415][info ] Initialized Krisp SDK successfully
[2026-Feb-20 20:02:20.636 -06:00][ 2415: 2415][info ] Krisp SDK initialized
[2026-Feb-21 07:59:12.138 -06:00][164354:164354][info ] Logging initialized
[2026-Feb-21 07:59:12.138 -06:00][164354:164354][info ] Initializing krisp SDK...
[2026-Feb-21 07:59:12.138 -06:00][164354:164354][info ] DoKrispInitialize
[2026-Feb-21 07:59:12.460 -06:00][164354:164354][info ] LoadDynamicKrisp
[2026-Feb-21 07:59:12.460 -06:00][164354:164354][info ] Did not find KRISP_DYLIB_PATH, skipping dynamic loading
[2026-Feb-21 07:59:12.460 -06:00][164354:164354][info ] Initializing Krisp SDK in PID 164354, addr 0x7f1957a3d0e0
[2026-Feb-21 07:59:12.461 -06:00][164354:164354][info ] Initialized Krisp SDK successfully
[2026-Feb-21 07:59:12.461 -06:00][164354:164354][info ] Krisp SDK initialized
[2026-Feb-21 11:00:45.748 -06:00][ 2375: 2375][info ] Logging initialized
[2026-Feb-21 11:00:45.748 -06:00][ 2375: 2375][info ] Initializing krisp SDK...
[2026-Feb-21 11:00:45.748 -06:00][ 2375: 2375][info ] DoKrispInitialize
[2026-Feb-21 11:00:46.050 -06:00][ 2375: 2375][info ] LoadDynamicKrisp
[2026-Feb-21 11:00:46.050 -06:00][ 2375: 2375][info ] Did not find KRISP_DYLIB_PATH, skipping dynamic loading
[2026-Feb-21 11:00:46.050 -06:00][ 2375: 2375][info ] Initializing Krisp SDK in PID 2375, addr 0x7f5302c6d0e0
[2026-Feb-21 11:00:46.051 -06:00][ 2375: 2375][info ] Initialized Krisp SDK successfully
[2026-Feb-21 11:00:46.051 -06:00][ 2375: 2375][info ] Krisp SDK initialized
[2026-Feb-21 23:03:36.299 -06:00][400339:400339][info ] Logging initialized
[2026-Feb-21 23:03:36.299 -06:00][400339:400339][info ] Initializing krisp SDK...
[2026-Feb-21 23:03:36.299 -06:00][400339:400339][info ] DoKrispInitialize
[2026-Feb-21 23:03:36.792 -06:00][400339:400339][info ] LoadDynamicKrisp
[2026-Feb-21 23:03:36.792 -06:00][400339:400339][info ] Did not find KRISP_DYLIB_PATH, skipping dynamic loading
[2026-Feb-21 23:03:36.792 -06:00][400339:400339][info ] Initializing Krisp SDK in PID 400339, addr 0x7f4f0656d0e0
[2026-Feb-21 23:03:36.793 -06:00][400339:400339][info ] Initialized Krisp SDK successfully
[2026-Feb-21 23:03:36.793 -06:00][400339:400339][info ] Krisp SDK initialized
